考点ID,版本ID,学段,L1(范围),L2(模块),L3(主题),L4(原子考点),是否启用学段版本,适用学段,版本语义描述,挂载知识点(必要),挂载知识点(可选),依赖强度,策略前置,教材版本,年级,学期,单元序号,单元名称,小节序号,小节名称,主思想ID,次要思想ID,考法本体UI,核心算力要求,次要算力/变式方向,D1核心数学模型,D2思维路径,I信息隐蔽度,C考点复合度,Ch认知通道
KF-0001,KF-0001-V1,低年级,课内,数与代数,整数加减法,一图两式(加法),否,1,一图两式加法的图文转换,KP-0044|KP-0008|KP-0019,,0.85|0.90|0.85,,人教版,1,上,2,1-5的认识和加减法,4,加法,ID-401,,图文结合,ALG_L2,纯数值计算; 图中信息不完整,PART_WHOLE,D2_FORWARD_MULTI,I1_SHALLOW,C3_CROSS_MODULE,Ch-V
KF-0002,KF-0002-V1,低年级,课内,数与代数,整数加减法,一图两式(减法),否,1,一图两式减法的图文转换,KP-0045|KP-0009|KP-0020,,0.85|0.90|0.85,,人教版,1,上,2,1-5的认识和加减法,5,减法,ID-401,,图文结合,ALG_L3,纯数值计算; 图中信息不完整,PART_WHOLE,D2_REVERSE_SINGLE,I1_SHALLOW,C3_CROSS_MODULE,Ch-V
KF-0003,KF-0003-V1,低年级,课内,数与代数,整数加减法,一图四式(加减互逆),否,1,加减互逆关系的理解,KP-0044|KP-0045|KP-0019|KP-0020,,0.80|0.80|0.85|0.85,,人教版,1,上,2,1-5的认识和加减法,6,加减互逆,ID-401,,图文结合,ALG_L3,多步倒推; 纯数值计算,PART_WHOLE,D4_REVERSE_MULTI,I1_SHALLOW,C3_CROSS_MODULE,Ch-V
KF-0004,KF-0004-V1,低年级,课内,数与代数,整数加减法,大括号求总数,否,1,大括号表示求和的符号认知,KP-0044|KP-0019,,0.90|0.85,,人教版,1,上,2,1-5的认识和加减法,4,加法,ID-401,,图文结合,ALG_L2,纯数值计算; 图中信息不完整,PART_WHOLE,D2_FORWARD_MULTI,I1_SHALLOW,C2_INTRA_MODULE,Ch-V
KF-0005,低年级,课内,数与代数,整数加减法,大括号求部分,去掉模型、6~10的减法(L3),ID-401 [图解算理],,纯文本/算式,KP-0045|KP-0020,多步倒推,,,,,,,,,,ID-202,,纯文本/算式,ALG_L3,,PART_WHOLE,D2_REVERSE_SINGLE,I0_RAW,C2_INTRA_MODULE,Ch-A
KF-0006,低年级,课内,数与代数,整数加减法,看情境图列算式,合并模型、去掉模型(L4),ID-401 [图解算理],,图文结合,KP-0044|KP-0045,直接给出隐含条件; 加入无关数据,,,,,,,,,,ID-202,,纯文本/算式,ALG_L4,,PART_WHOLE,D3_FORWARD_MULTI,I0_RAW,C2_INTRA_MODULE,Ch-A
KF-0007,低年级,课内,数与代数,整数加减法,填运算符号(加减),合并模型、去掉模型等(L2),ID-901 [组合枚举],,纯文本/算式,KP-0044|KP-0045|KP-0019|KP-0020,从结果反推,,,,,,,,,,ID-202,,纯文本/算式,ALG_L3,,PART_WHOLE,D2_REVERSE_SINGLE,I0_RAW,C3_CROSS_MODULE,Ch-A
KF-0008,低年级,课内,数与代数,整数加减法,算式比大小(不计算),6~10的比大小、合并模型等(L4),ID-602 [极值与估算],,纯文本/算式,KP-0017|KP-0044|KP-0045,直接给出隐含条件; 加入无关数据,,,,,,,,,,ID-202,,纯文本/算式,ALG_L4,,NUMBER_SYSTEM,D3_FORWARD_MULTI,I0_RAW,C3_CROSS_MODULE,Ch-A
KF-0009,低年级,课内,数与代数,整数乘除法,相同加数连加改写乘法,乘法的意义、10以内的连加(L1),ID-202 [算理转化],,纯文本/算式,KP-0086|KP-0021,已知结果反求条件; 串联两步计算,,,,,,,,,,ID-202,,纯文本/算式,ALG_L1,,EQUAL_GROUP,D1_FORWARD_SINGLE,I0_RAW,C2_INTRA_MODULE,Ch-A
KF-0010,低年级,课内,数与代数,整数除法,有余数除法(求商和余数),有余数除法的竖式计算、余数与除数的关系(L1),ID-401 [图解算理],,纯文本/算式,KP-0104|KP-0102,已知结果反求条件; 串联两步计算,,,,,,,,,,ID-801,,纯文本/算式,ALG_L1,,NUMBER_SYSTEM,D1_FORWARD_SINGLE,I0_RAW,C2_INTRA_MODULE,Ch-A
KF-0011,低年级,课内,数与代数,整数除法,有余数除法的现实约束,有余数除法的竖式计算、余数与除数的关系等(L4),ID-602 [极值与估算],,纯文本/算式,KP-0104|KP-0102|KP-0101,直接给出隐含条件; 加入无关数据,,,,,,,,,,ID-801,,纯文本/算式,ALG_L4,,NUMBER_SYSTEM,D3_FORWARD_MULTI,I0_RAW,C3_CROSS_MODULE,Ch-A
KF-0012,低年级,课内,数与代数,数的认识,在数轴上填数,100以内数的读写、万以内数的组成(L3),ID-401 [图解算理],,图文结合,KP-0049|KP-0108,纯数值计算; 图中信息不完整,,,,,,,,,,ID-901,,纯文本/算式,ALG_L3,,NUMBER_SYSTEM,D2_REVERSE_SINGLE,I0_RAW,C2_INTRA_MODULE,Ch-A
KF-0013,低年级,课内,数与代数,数的认识,位值图读写数,100以内数的组成、亿以内数的计数单位与数位顺序(L3),ID-401 [图解算理],,图文结合,KP-0048|KP-0224,纯数值计算; 图中信息不完整,,,,,,,,,,ID-901,,纯文本/算式,ALG_L3,,NUMBER_SYSTEM,D2_REVERSE_SINGLE,I0_RAW,C2_INTRA_MODULE,Ch-A
KF-0014,低年级,课内,数与代数,数的认识,百数表中的规律,100以内数的数法、100以内数的比大小(L4),ID-403 [数阵规律],,表格/阵列,KP-0047|KP-0050,直接给出隐含条件; 加入无关数据,,,,,,,,,,ID-901,,纯文本/算式,ALG_L4,,NUMBER_SYSTEM,D3_FORWARD_MULTI,I0_RAW,C2_INTRA_MODULE,Ch-A
KF-0015,低年级,课内,数与代数,数的比较,已知大小关系估量数据,万以内数的比大小、100以内数的比大小(L4),ID-602 [极值与估算],,纯文本/算式,KP-0112|KP-0050,直接给出隐含条件; 加入无关数据,,,,,,,,,,ID-901,,纯文本/算式,ALG_L4,,NUMBER_SYSTEM,D3_FORWARD_MULTI,I0_RAW,C2_INTRA_MODULE,Ch-A
KF-0016,中年级,课内,数与代数,数的认识,读写时要读几个零,亿以内数的一般读法、亿以内数的一般写法(L4),ID-202 [算理转化],,纯文本/算式,KP-0226|KP-0230,直接给出隐含条件; 加入无关数据,,,,,,,,,,ID-901,,纯文本/算式,ALG_L4,,NUMBER_SYSTEM,D3_FORWARD_MULTI,I0_RAW,C2_INTRA_MODULE,Ch-A
KF-0017,中年级,课内,数与代数,数的改写,低级单位改高级单位,整万数的改写、整亿数的改写(L1),ID-202 [算理转化],,纯文本/算式,KP-0234|KP-0240,已知结果反求条件; 串联两步计算,,,,,,,,,,ID-901,,纯文本/算式,ALG_L1,,NUMBER_SYSTEM,D1_FORWARD_SINGLE,I0_RAW,C2_INTRA_MODULE,Ch-A
KF-0018,中年级,课内,数与代数,数的改写,高级单位改低级单位,整万数的改写、整亿数的改写(L1),ID-202 [算理转化],,纯文本/算式,KP-0234|KP-0240,已知结果反求条件; 串联两步计算,,,,,,,,,,ID-901,,纯文本/算式,ALG_L1,,NUMBER_SYSTEM,D1_FORWARD_SINGLE,I0_RAW,C2_INTRA_MODULE,Ch-A
KF-0019,KF-0019-V1,中年级,课内,数与代数,数的性质,已知近似数求原数范围(整数),是,4,整数近似值的范围推断:四舍五入规则逆向,KP-0235,,0.90,reverse_approximation:KF-0019-V1,人教版,4,上,1,大数的认识,4,非整万数求近似数,ID-602,,纯文本/算式,ALG_L3,多步倒推|边界值判断,NUMBER_SYSTEM,D4_REVERSE_MULTI,I0_RAW,C1_SINGLE,Ch-A
KF-0019,KF-0019-V2,中年级,课内,数与代数,数的性质,已知近似数求原数范围(小数),是,4,5,小数近似值的范围推断:精度控制规则逆向,KP-0273,,0.90,reverse_approximation:KF-0019-V1,人教版,4,下,4,小数的意义和性质,5,求小数的近似数,ID-602,,纯文本/算式,ALG_L3,多步倒推|保留位数理解,NUMBER_SYSTEM,D4_REVERSE_MULTI,I0_RAW,C1_SINGLE,Ch-A
KF-0020,中年级,课内,数与代数,数的性质,求一个数的因数(列举法),求一个数的因数的方法、因数与倍数的概念(L2),ID-901 [组合枚举],,纯文本/算式,KP-0340|KP-0339,从结果反推,,,,,,,,,,ID-901,,纯文本/算式,ALG_L2,,NUMBER_SYSTEM,D2_FORWARD_MULTI,I0_RAW,C2_INTRA_MODULE,Ch-A
KF-0021,中年级,课内,数与代数,数的性质,奇偶性的简单运用,奇数与偶数的概念、2的倍数特征(L4),ID-901 [组合枚举],,纯文本/算式,KP-0349|KP-0342,直接给出隐含条件; 加入无关数据,,,,,,,,,,ID-901,,纯文本/算式,ALG_L4,,NUMBER_SYSTEM,D3_FORWARD_MULTI,I0_RAW,C2_INTRA_MODULE,Ch-A
KF-0022,中年级,课内,数与代数,四则运算,四则混合运算(含括号三步以上),含小括号的混合运算、含中括号的三步混合运算(L2),ID-202 [算理转化],,纯文本/算式,KP-0100|KP-0337,从结果反推,,,,,,,,,,ID-202,,纯文本/算式,ALG_L2,,PART_WHOLE,D2_FORWARD_MULTI,I0_RAW,C2_INTRA_MODULE,Ch-A
KF-0023,中年级,课内,数与代数,运算规律,加法交换律与结合律简算,加法交换律、加法结合律运算(L2),ID-202 [算理转化],,纯文本/算式,KP-0255|KP-0256,从结果反推; 逆用运算律,,,,,,,,,,ID-202,,纯文本/算式,ALG_L2,,EQUAL_GROUP,D2_FORWARD_MULTI,I0_RAW,C2_INTRA_MODULE,Ch-A
KF-0024,中年级,课内,数与代数,运算规律,乘法分配律简算,乘法分配律、乘法结合律运算(L2),ID-202 [算理转化],,纯文本/算式,KP-0260|KP-0259,从结果反推; 逆用运算律,,,,,,,,,,ID-202,,纯文本/算式,ALG_L2,,EQUAL_GROUP,D2_FORWARD_MULTI,I0_RAW,C2_INTRA_MODULE,Ch-A
KF-0025,中年级,课内,数与代数,运算规律,乘法分配律反向简算(提取公因数),乘法分配律运算(L3),ID-202 [算理转化],,纯文本/算式,KP-0260,多步倒推; 逆用运算律,,,,,,,,,,ID-202,,纯文本/算式,ALG_L3,,EQUAL_GROUP,D2_REVERSE_SINGLE,I0_RAW,C1_SINGLE,Ch-A
KF-0026,中年级,课内,数与代数,运算规律,积的变化规律,积的变化规律、积的变化规律运算(L1),ID-202 [算理转化],,纯文本/算式,KP-0246|KP-0247,已知结果反求条件; 串联两步计算; 逆用运算律,,,,,,,,,,ID-202,,纯文本/算式,ALG_L1,,EQUAL_GROUP,D1_FORWARD_SINGLE,I0_RAW,C2_INTRA_MODULE,Ch-A
KF-0027,中年级,课内,数与代数,运算规律,商不变规律,商不变的规律运算(L1),ID-202 [算理转化],,纯文本/算式,KP-0253,已知结果反求条件; 串联两步计算; 逆用运算律,,,,,,,,,,ID-202,,纯文本/算式,ALG_L1,,EQUAL_GROUP,D1_FORWARD_SINGLE,I0_RAW,C1_SINGLE,Ch-A
KF-0028,KF-0028-V1,低年级,课内,典型应用题,现实约束问题,进一法(租船装箱类),是,1,2,有余数除法的生活应用:买东西不能少付需多算一份,KP-0123|KP-0125,,0.95|0.90,ceiling_strategy:KF-0028-V1,人教版,2,下,6,有余数的除法,3,有余数除法的现实约束,ID-602,,生活情境,ALG_L2,直接给出隐含条件; 加入无关数据,OPTIMIZATION,D2_FORWARD_MULTI,I2_HIDDEN,C2_INTRA_MODULE,Ch-A
KF-0028,KF-0028-V2,高年级,课内,典型应用题,现实约束问题,进一法(精度控制),是,5,6,小数除法的精度控制:保留n位小数时向上取整,KP-0456|KP-0458,KP-0019,0.85|0.90|0.60,ceiling_strategy:KF-0028-V1,人教版,5,上,3,小数除法,4,商的近似值,ID-602,,纯文本/算式,ALG_L3,多步倒推; 循环小数近似,OPTIMIZATION,D4_REVERSE_MULTI,I0_RAW,C2_INTRA_MODULE,Ch-A
KF-0029,KF-0029-V1,低年级,课内,典型应用题,现实约束问题,去尾法(做衣买物类),是,1,2,有余数除法的生活应用:材料不够不能硬做余数舍去,KP-0123|KP-0125,,0.95|0.90,floor_strategy:KF-0029-V1,人教版,2,下,6,有余数的除法,3,有余数除法的现实约束,ID-602,,生活情境,ALG_L2,直接给出隐含条件; 加入无关数据,OPTIMIZATION,D2_FORWARD_MULTI,I2_HIDDEN,C2_INTRA_MODULE,Ch-A
KF-0029,KF-0029-V2,高年级,课内,典型应用题,现实约束问题,去尾法(精度控制),是,5,6,小数除法的精度控制:保留n位小数时向下取整,KP-0456|KP-0458,KP-0019,0.85|0.90|0.60,floor_strategy:KF-0029-V1,人教版,5,上,3,小数除法,4,商的近似值,ID-602,,纯文本/算式,ALG_L3,多步倒推; 循环小数近似,OPTIMIZATION,D4_REVERSE_MULTI,I0_RAW,C2_INTRA_MODULE,Ch-A
KF-0030,中年级,课内,典型应用题,归一归总问题,正归一(先求单一量再求总),归一问题、求倍数关系(L2),ID-103 [单总对应],,纯文本/算式,KP-0174|KP-0158,从结果反推,,,,,,,,,,ID-103,,纯文本/算式,ALG_L2,,EQUAL_GROUP,D2_FORWARD_MULTI,I0_RAW,C2_INTRA_MODULE,Ch-A
KF-0031,中年级,课内,典型应用题,归一归总问题,反归一(先求单一量再求份数),归一问题、求总数关系(L4),ID-103 [单总对应],ID-701 [步骤倒推],纯文本/算式,KP-0174|KP-0159,加入过程变化,,,,,,,,,,ID-103,,纯文本/算式,ALG_L4,,EQUAL_GROUP,D3_FORWARD_MULTI,I0_RAW,C2_INTRA_MODULE,Ch-A
KF-0032,中年级,课内,典型应用题,和差倍问题,和倍问题(已知和与倍数),倍的直观概念、合并模型等(L4),ID-402 [线段图模],,纯文本/算式,KP-0157|KP-0044|KP-0158,直接给出隐含条件; 加入无关数据,,,,,,,,,,ID-402,,纯文本/算式,ALG_L4,,CHANGE,D3_FORWARD_MULTI,I0_RAW,C3_CROSS_MODULE,Ch-A
KF-0033,中年级,课内,典型应用题,和差倍问题,差倍问题(已知差与倍数),倍的直观概念、比多比少问题等(L4),ID-402 [线段图模],,纯文本/算式,KP-0157|KP-0085|KP-0158,直接给出隐含条件; 加入无关数据,,,,,,,,,,ID-402,,纯文本/算式,ALG_L4,,CHANGE,D3_FORWARD_MULTI,I0_RAW,C3_CROSS_MODULE,Ch-A
KF-0034,中年级,课内,典型应用题,和差倍问题,和差问题(已知和与差),和差问题、比多比少问题等(L2),ID-501 [等量代换]; ID-402 [线段图模],,纯文本/算式,KP-0156|KP-0083|KP-0084,从结果反推,,,,,,,,,,ID-402,,纯文本/算式,ALG_L2,,CHANGE,D2_FORWARD_MULTI,I0_RAW,C3_CROSS_MODULE,Ch-A
KF-0035,KF-0035-V1,低年级,课内,数与代数,竖式计算,加法竖式(逆向填空),是,2,两位数加法的基础进位,KP-0075,,0.95,reverse_calculation:KF-0035-V1,人教版,2,上,1,100以内的加法和减法,1,两位数加一位数和整十数(进位),ID-202,ID-901,纯文本/算式,ALG_L3,多步倒推,PART_WHOLE,D4_REVERSE_MULTI,I0_RAW,C1_SINGLE,Ch-A
KF-0035,KF-0035-V2,中年级,课内,数与代数,竖式计算,加法竖式(逆向填空-连续进位),是,3,4,三位数加法的连续进位推理,KP-0114,,0.95,reverse_calculation:KF-0035-V1,人教版,3,上,2,万以内的加法和减法,1,三位数加三位数(连续进位),ID-202,ID-901,纯文本/算式,ALG_L4,多步倒推|枚举组合,PART_WHOLE,D4_REVERSE_MULTI,I0_RAW,C1_SINGLE,Ch-A
KF-0036,KF-0036-V1,低年级,课内,数与代数,竖式计算,减法竖式(逆向填空),是,2,两位数减法的基础退位,KP-0076,,0.95,reverse_calculation:KF-0036-V1,人教版,2,上,1,100以内的加法和减法,2,两位数减一位数和整十数(退位),ID-202,ID-901,纯文本/算式,ALG_L3,多步倒推,PART_WHOLE,D4_REVERSE_MULTI,I0_RAW,C1_SINGLE,Ch-A
KF-0036,KF-0036-V2,中年级,课内,数与代数,竖式计算,减法竖式(逆向填空-连续退位),是,3,4,三位数减法的连续退位推理,KP-0115,,0.95,reverse_calculation:KF-0036-V1,人教版,3,上,2,万以内的加法和减法,2,三位数减三位数(连续退位),ID-202,ID-901,纯文本/算式,ALG_L4,多步倒推|枚举组合,PART_WHOLE,D4_REVERSE_MULTI,I0_RAW,C1_SINGLE,Ch-A
KF-0037,KF-0037-V1,低年级,课内,数与代数,竖式计算,乘法竖式(逆向填空),是,2,3,两位数乘法的基础进位,KP-0146,,0.95,reverse_calculation:KF-0037-V1,人教版,2,下,6,表内乘法与除法,3,两位数乘一位数(进位),ID-202,ID-901|ID-701,纯文本/算式,ALG_L4,加入过程变化,EQUAL_GROUP,D4_REVERSE_MULTI,I3_DYNAMIC,C1_SINGLE,Ch-A
KF-0037,KF-0037-V2,中年级,课内,数与代数,竖式计算,乘法竖式(逆向填空-多位数),是,3,4,多位数乘法的连续进位推理,KP-0147,,0.95,reverse_calculation:KF-0037-V1,人教版,3,下,3,多位数乘一位数,2,多位数乘一位数(连续进位),ID-202,ID-701|ID-901,纯文本/算式,ALG_L5,加入过程变化|多步倒推,EQUAL_GROUP,D4_REVERSE_MULTI,I3_DYNAMIC,C1_SINGLE,Ch-A
KF-0038,KF-0038-V1,低年级,课内,数与代数,竖式计算,除法竖式(逆向填空),是,3,除法竖式的基础填空,KP-0162,,0.95,reverse_calculation:KF-0038-V1,人教版,3,上,4,两位数除以一位数,2,除数是两位数(商是两位数),ID-202,ID-901|ID-701,纯文本/算式,ALG_L4,加入过程变化,EQUAL_GROUP,D4_REVERSE_MULTI,I3_DYNAMIC,C1_SINGLE,Ch-A
KF-0038,KF-0038-V2,中年级,课内,数与代数,竖式计算,除法竖式(逆向填空-商中有0),是,4,除法竖式商中有0的复杂推理,KP-0163,,0.95,reverse_calculation:KF-0038-V1,人教版,4,上,3,除数是两位数,3,商中间或末尾有0的除法,ID-202,ID-701|ID-901,纯文本/算式,ALG_L5,加入过程变化|多步倒推,EQUAL_GROUP,D4_REVERSE_MULTI,I3_DYNAMIC,C1_SINGLE,Ch-A
KF-0039,高年级,课内,数与代数,数的认识,正负数在温度中的应用,正负数的意义与读写(L3),ID-401 [图解算理],,图文结合,KP-0435,纯数值计算; 图中信息不完整,,,,,,,,,,ID-901,,纯文本/算式,ALG_L3,,NUMBER_SYSTEM,D2_REVERSE_SINGLE,I0_RAW,C1_SINGLE,Ch-A
KF-0040,高年级,课内,数与代数,数的认识,正负数在收支中的应用,正负数的意义与读写(L2),ID-203 [模型转化],,纯文本/算式,KP-0435,从结果反推,,,,,,,,,,ID-901,,纯文本/算式,ALG_L2,,NUMBER_SYSTEM,D2_FORWARD_MULTI,I0_RAW,C1_SINGLE,Ch-A
KF-0041,高年级,课内,数与代数,数的认识,数轴上的负数与相反数,数轴上的正负数、正负数的意义与读写(L3),ID-401 [图解算理],,图文结合,KP-0436|KP-0435,纯数值计算; 图中信息不完整,,,,,,,,,,ID-901,,纯文本/算式,ALG_L3,,NUMBER_SYSTEM,D2_REVERSE_SINGLE,I0_RAW,C2_INTRA_MODULE,Ch-A
KF-0042,高年级,课内,数与代数,数的性质,已知两个质数的和或积求这两个质数,质数与合数的概念、分解质因数(L4),ID-901 [组合枚举],ID-701 [步骤倒推],纯文本/算式,KP-0345|KP-0346,加入过程变化,,,,,,,,,,ID-901,,纯文本/算式,ALG_L4,,NUMBER_SYSTEM,D3_FORWARD_MULTI,I0_RAW,C2_INTRA_MODULE,Ch-A
KF-0043,高年级,课内,数与代数,式与方程,用字母表示运算律,用字母表示数量关系、加法交换律等(L1),ID-502 [设元列式],,纯文本/算式,KP-0326|KP-0255|KP-0260,已知结果反求条件; 串联两步计算,,,,,,,,,,ID-502,,纯文本/算式,ALG_L1,,PART_WHOLE,D1_FORWARD_SINGLE,I0_RAW,C3_CROSS_MODULE,Ch-A
KF-0044,高年级,课内,数与代数,式与方程,列方程解应用题(一元一次),解形如ax±b=c的方程、用字母表示数量关系(L3),ID-502 [设元列式],,纯文本/算式,KP-0335|KP-0326,多步倒推,,,,,,,,,,ID-502,,纯文本/算式,ALG_L3,,CHANGE,D2_REVERSE_SINGLE,I0_RAW,C2_INTRA_MODULE,Ch-A
KF-0045,高年级,课内,数与代数,式与方程,用方程解行程问题,解形如ax±b=c的方程、行程问题基本数量关系等(L4),ID-502 [设元列式],,生活情境,KP-0335|KP-0466|KP-0326,直接给出隐含条件; 加入无关数据,,,,,,,,,,ID-203,,生活情境,ALG_L4,,CHANGE,D3_FORWARD_MULTI,I1_SHALLOW,C3_CROSS_MODULE,Ch-A
KF-0046,高年级,课内,典型应用题,分数应用题,求一个数是另一个数的几分之几,分数的意义、分数与除法的关系(多步综合L4),ID-101 [量率对应],ID-402 [线段图模],纯文本/算式,KP-0353|KP-0355,直接给出隐含条件; 加入无关数据; 分数+比例混合,,,,,,,,,,ID-101,,生活情境,ALG_L4,,RATIO,D3_FORWARD_MULTI,I1_SHALLOW,C2_INTRA_MODULE,Ch-A
KF-0047,高年级,课内,典型应用题,分数应用题,求一个数的几分之几是多少,求一个数的几分之几是多少、分数乘整数的计算等(基础应用L1),ID-101 [量率对应],ID-402 [线段图模],纯文本/算式,KP-0410|KP-0401|KP-0403,已知结果反求条件; 串联两步计算; 单位1需辨析,,,,,,,,,,ID-101,,生活情境,ALG_L1,,RATIO,D1_FORWARD_SINGLE,I1_SHALLOW,C3_CROSS_MODULE,Ch-A
KF-0048,高年级,课内,典型应用题,分数应用题,已知一个数的几分之几求这个数,已知几分之几求单位1、寻找单位1的方法等(逆向求解L3),ID-101 [量率对应],ID-402 [线段图模],纯文本/算式,KP-0411|KP-0354|KP-0421,多步倒推; 单位1需辨析,,,,,,,,,,ID-701,,生活情境,ALG_L3,,RATIO,D2_REVERSE_SINGLE,I1_SHALLOW,C3_CROSS_MODULE,Ch-A
KF-0049,高年级,课内,典型应用题,分数应用题,比多比少问题(分率),比一个数多几分之几是多少、寻找单位1的方法(多步综合L4),ID-101 [量率对应],ID-402 [线段图模],纯文本/算式,KP-0495|KP-0354,直接给出隐含条件; 加入无关数据; 分数+比例混合,,,,,,,,,,ID-101,,生活情境,ALG_L4,,RATIO,D3_FORWARD_MULTI,I1_SHALLOW,C2_INTRA_MODULE,Ch-A
KF-0050,高年级,课内,典型应用题,分数应用题,求比一个数多几分之几的数,比一个数多几分之几是多少、分数乘分数的计算(基础应用L2),ID-101 [量率对应],ID-402 [线段图模],纯文本/算式,KP-0495|KP-0403,从结果反推; 单位1需辨析,,,,,,,,,,ID-101,,生活情境,ALG_L2,,RATIO,D2_FORWARD_MULTI,I1_SHALLOW,C2_INTRA_MODULE,Ch-A
KF-0051,高年级,课内,典型应用题,分数应用题,求比一个数少几分之几的数,比一个数多几分之几是多少、分数乘分数的计算(基础应用L2),ID-101 [量率对应],ID-402 [线段图模],纯文本/算式,KP-0495|KP-0403,从结果反推; 单位1需辨析,,,,,,,,,,ID-101,,生活情境,ALG_L2,,RATIO,D2_FORWARD_MULTI,I1_SHALLOW,C2_INTRA_MODULE,Ch-A
KF-0052,高年级,课内,典型应用题,分数应用题,已知比一个数多(少)几分之几的数求这个数,已知比一个数多几分之几或少几分之几求单位1、寻找单位1的方法(多步综合L4),ID-101 [量率对应],ID-402 [线段图模]; ID-701 [步骤倒推],纯文本/算式,KP-0496|KP-0354,加入过程变化; 单位1需辨析,,,,,,,,,,ID-701,,生活情境,ALG_L4,,RATIO,D3_FORWARD_MULTI,I1_SHALLOW,C2_INTRA_MODULE,Ch-A
KF-0053,高年级,课内,典型应用题,分数应用题,用分数的意义解决问题(a÷m×n),分数乘分数的意义、分数与除法的关系(基础应用L2),ID-101 [量率对应],ID-402 [线段图模],纯文本/算式,KP-0402|KP-0355,从结果反推; 单位1需辨析,,,,,,,,,,ID-101,,生活情境,ALG_L2,,RATIO,D2_FORWARD_MULTI,I1_SHALLOW,C2_INTRA_MODULE,Ch-A
KF-0054,高年级,课内,典型应用题,分数应用题,转化单位1问题(多对象切换),寻找单位1的方法、分数中的量与率辨析(基础应用L2),ID-101 [量率对应],ID-402 [线段图模],纯文本/算式,KP-0354|KP-0412,从结果反推; 分数+比例混合,,,,,,,,,,ID-101,,生活情境,ALG_L2,,RATIO,D2_FORWARD_MULTI,I1_SHALLOW,C2_INTRA_MODULE,Ch-A
KF-0055,高年级,课内,典型应用题,分数应用题,统一单位1问题(总量不变),寻找单位1的方法、分数中的量与率辨析等(多步综合L4),ID-101 [量率对应],ID-402 [线段图模]; ID-701 [步骤倒推],纯文本/算式,KP-0354|KP-0412|KP-0370,加入过程变化; 分数+比例混合,,,,,,,,,,ID-101,,生活情境,ALG_L4,,RATIO,D3_FORWARD_MULTI,I1_SHALLOW,C3_CROSS_MODULE,Ch-A
KF-0056,高年级,课内,典型应用题,分数应用题,统一单位1问题(总量变化),寻找单位1的方法、分数中的量与率辨析等(多步综合L4),ID-101 [量率对应],ID-402 [线段图模]; ID-701 [步骤倒推],纯文本/算式,KP-0354|KP-0412|KP-0370,加入过程变化; 单位1需辨析,,,,,,,,,,ID-101,,生活情境,ALG_L4,,RATIO,D3_FORWARD_MULTI,I1_SHALLOW,C3_CROSS_MODULE,Ch-A
KF-0057,高年级,课内,典型应用题,百分数应用题,求一个数的百分之几是多少,百分数的意义与读写、百分数与小数的互化(基础应用L1),ID-101 [量率对应],ID-402 [线段图模],纯文本/算式,KP-0427|KP-0428,已知结果反求条件; 串联两步计算; 单位1需辨析,,,,,,,,,,ID-202,,生活情境,ALG_L1,,NUMBER_SYSTEM,D1_FORWARD_SINGLE,I1_SHALLOW,C2_INTRA_MODULE,Ch-A
KF-0058,高年级,课内,典型应用题,百分数应用题,求一个数是另一个数的百分之几,百分数的意义与读写、分数与除法的关系(基础应用L1),ID-101 [量率对应],ID-402 [线段图模],纯文本/算式,KP-0427|KP-0355,已知结果反求条件; 串联两步计算; 单位1需辨析,,,,,,,,,,ID-101,,生活情境,ALG_L1,,NUMBER_SYSTEM,D1_FORWARD_SINGLE,I1_SHALLOW,C2_INTRA_MODULE,Ch-A
KF-0059,高年级,课内,典型应用题,百分数应用题,已知一个数的百分之几求这个数,百分数的意义与读写、已知几分之几求单位1等(逆向求解L3),ID-101 [量率对应],ID-402 [线段图模],纯文本/算式,KP-0427|KP-0411|KP-0354,多步倒推; 单位1需辨析,,,,,,,,,,ID-701,,生活情境,ALG_L3,,NUMBER_SYSTEM,D2_REVERSE_SINGLE,I1_SHALLOW,C3_CROSS_MODULE,Ch-A
KF-0060,高年级,课内,典型应用题,百分数应用题,先涨后降问题(单位1两次变化),百分数的意义与读写、寻找单位1的方法等(多步综合L4),ID-101 [量率对应],ID-402 [线段图模],纯文本/算式,KP-0427|KP-0354|KP-0403,直接给出隐含条件; 加入无关数据; 分数+比例混合,,,,,,,,,,ID-101,,生活情境,ALG_L4,,NUMBER_SYSTEM,D3_FORWARD_MULTI,I1_SHALLOW,C3_CROSS_MODULE,Ch-A
KF-0061,高年级,课内,典型应用题,百分数应用题,先降后涨问题(单位1两次变化),百分数的意义与读写、寻找单位1的方法等(多步综合L4),ID-101 [量率对应],ID-402 [线段图模],纯文本/算式,KP-0427|KP-0354|KP-0403,直接给出隐含条件; 加入无关数据; 分数+比例混合,,,,,,,,,,ID-101,,生活情境,ALG_L4,,NUMBER_SYSTEM,D3_FORWARD_MULTI,I1_SHALLOW,C3_CROSS_MODULE,Ch-A
KF-0062,高年级,课内,典型应用题,百分数应用题,浓度问题(简单型),浓度问题、百分数的意义与读写(多步综合L4),ID-101 [量率对应],ID-402 [线段图模]; ID-203 [模型转化],生活情境,KP-0434|KP-0427,直接给出隐含条件; 加入无关数据; 单位1需辨析,,,,,,,,,,ID-101,,生活情境,ALG_L4,,NUMBER_SYSTEM,D3_FORWARD_MULTI,I1_SHALLOW,C2_INTRA_MODULE,Ch-A
KF-0063,高年级,课内,典型应用题,百分数应用题,利润率问题(利润÷成本),利润率问题、百分数的意义与读写(基础应用L2),ID-101 [量率对应],ID-402 [线段图模],生活情境,KP-0433|KP-0427,从结果反推; 单位1需辨析,,,,,,,,,,ID-101,,生活情境,ALG_L2,,NUMBER_SYSTEM,D2_FORWARD_MULTI,I1_SHALLOW,C2_INTRA_MODULE,Ch-A
KF-0064,高年级,课内,典型应用题,百分数应用题,合格率问题,百分数的意义与读写、分数与除法的关系(基础应用L1),ID-101 [量率对应],ID-402 [线段图模],纯文本/算式,KP-0427|KP-0355,已知结果反求条件; 串联两步计算; 单位1需辨析,,,,,,,,,,ID-101,,生活情境,ALG_L1,,NUMBER_SYSTEM,D1_FORWARD_SINGLE,I1_SHALLOW,C2_INTRA_MODULE,Ch-A
KF-0065,高年级,课内,典型应用题,百分数应用题,成活率问题,百分数的意义与读写、分数与除法的关系(基础应用L1),ID-101 [量率对应],ID-402 [线段图模],纯文本/算式,KP-0427|KP-0355,已知结果反求条件; 串联两步计算; 单位1需辨析,,,,,,,,,,ID-101,,生活情境,ALG_L1,,NUMBER_SYSTEM,D1_FORWARD_SINGLE,I1_SHALLOW,C2_INTRA_MODULE,Ch-A
KF-0066,高年级,课内,典型应用题,百分数应用题,出勤率问题,百分数的意义与读写、分数与除法的关系(基础应用L1),ID-101 [量率对应],ID-402 [线段图模],纯文本/算式,KP-0427|KP-0355,已知结果反求条件; 串联两步计算; 单位1需辨析,,,,,,,,,,ID-101,,生活情境,ALG_L1,,NUMBER_SYSTEM,D1_FORWARD_SINGLE,I1_SHALLOW,C2_INTRA_MODULE,Ch-A
KF-0067,高年级,课内,典型应用题,百分数应用题,成数应用题,折扣与成数问题、百分数的意义与读写(多步综合L4),ID-101 [量率对应],ID-402 [线段图模],纯文本/算式,KP-0430|KP-0427,直接给出隐含条件; 加入无关数据; 单位1需辨析,,,,,,,,,,ID-101,,生活情境,ALG_L4,,NUMBER_SYSTEM,D3_FORWARD_MULTI,I1_SHALLOW,C2_INTRA_MODULE,Ch-A
KF-0068,高年级,课内,典型应用题,百分数应用题,折扣应用题,折扣与成数问题、百分数的意义与读写(多步综合L4),ID-101 [量率对应],ID-402 [线段图模],纯文本/算式,KP-0430|KP-0427,直接给出隐含条件; 加入无关数据; 单位1需辨析,,,,,,,,,,ID-101,,生活情境,ALG_L4,,NUMBER_SYSTEM,D3_FORWARD_MULTI,I1_SHALLOW,C2_INTRA_MODULE,Ch-A
KF-0069,高年级,课内,典型应用题,百分数应用题,利率应用题(利息=本金×利率×存期),利率问题、百分数的意义与读写(基础应用L2),ID-101 [量率对应],ID-402 [线段图模],生活情境,KP-0432|KP-0427,从结果反推; 单位1需辨析,,,,,,,,,,ID-101,,生活情境,ALG_L2,,NUMBER_SYSTEM,D2_FORWARD_MULTI,I1_SHALLOW,C2_INTRA_MODULE,Ch-A
KF-0070,高年级,课内,典型应用题,工程问题,两人合作求时间,分数加减混合运算、归一问题等(多步综合L4),ID-203 [模型转化],ID-103 [单总对应],纯文本/算式,KP-0370|KP-0174|KP-0353,直接给出隐含条件; 加入无关数据; 工作总量设为1,,,,,,,,,,ID-103,,生活情境,ALG_L4,,PART_WHOLE,D3_FORWARD_MULTI,I1_SHALLOW,C3_CROSS_MODULE,Ch-A
KF-0071,高年级,课内,典型应用题,比和比例应用题,已知比求各部分占整体几分之几,化简比与求比值、分数的意义(基础应用L1),ID-101 [量率对应],,纯文本/算式,KP-0416|KP-0353,已知结果反求条件; 串联两步计算,,,,,,,,,,ID-101,,生活情境,ALG_L1,,NUMBER_SYSTEM,D1_FORWARD_SINGLE,I1_SHALLOW,C2_INTRA_MODULE,Ch-A
KF-0072,高年级,课内,典型应用题,比和比例应用题,已知和的按比分配,按比分配问题、化简比与求比值(基础应用L2),ID-101 [量率对应],,纯文本/算式,KP-0423|KP-0416,从结果反推,,,,,,,,,,ID-101,,生活情境,ALG_L2,,RATIO,D2_FORWARD_MULTI,I1_SHALLOW,C2_INTRA_MODULE,Ch-A
KF-0073,高年级,课内,典型应用题,比和比例应用题,已知差的按比分配,按比分配问题、化简比与求比值等(多步综合L4),ID-101 [量率对应],ID-701 [步骤倒推],纯文本/算式,KP-0423|KP-0416|KP-0085,加入过程变化,,,,,,,,,,ID-101,,生活情境,ALG_L4,,RATIO,D3_FORWARD_MULTI,I1_SHALLOW,C3_CROSS_MODULE,Ch-A
KF-0074,高年级,课内,典型应用题,比和比例应用题,图形的放大与缩小(比例尺),图形的放大与缩小、比例尺的意义与分类(多步综合L4),ID-203 [模型转化],,图文结合,KP-0426|KP-0422,直接给出隐含条件; 加入无关数据,,,,,,,,,,ID-901,,图文结合,ALG_L4,,AREA,D3_FORWARD_MULTI,I1_SHALLOW,C2_INTRA_MODULE,Ch-V
KF-0075,高年级,课内,典型应用题,比例应用题,用正比例关系解决归一问题,正比例的意义、正比例解题等(基础应用L2),ID-103 [单总对应],,纯文本/算式,KP-0419|KP-0424|KP-0174,从结果反推,,,,,,,,,,ID-101,,生活情境,ALG_L2,,RATIO,D2_FORWARD_MULTI,I1_SHALLOW,C3_CROSS_MODULE,Ch-A
KF-0076,高年级,课内,典型应用题,比例应用题,用反比例关系解决归总问题,反比例的意义、反比例解题等(多步综合L4),ID-103 [单总对应],ID-701 [步骤倒推],纯文本/算式,KP-0421|KP-0425|KP-0175,加入过程变化,,,,,,,,,,ID-101,,生活情境,ALG_L4,,RATIO,D3_FORWARD_MULTI,I1_SHALLOW,C3_CROSS_MODULE,Ch-A
KF-0077,高年级,课内,典型应用题,比例尺应用题,根据比例尺和图上距离求实际距离,比例尺的意义与分类、解比例(基础应用L1),ID-203 [模型转化],ID-202 [算理转化],图文结合,KP-0422|KP-0418,已知结果反求条件; 串联两步计算,,,,,,,,,,ID-901,,生活情境,ALG_L1,,RATIO,D1_FORWARD_SINGLE,I1_SHALLOW,C2_INTRA_MODULE,Ch-A
KF-0078,高年级,课内,典型应用题,比例尺应用题,根据实际距离与比例尺求图上距离,比例尺的意义与分类、解比例(逆向求解L3),ID-203 [模型转化],ID-202 [算理转化],图文结合,KP-0422|KP-0418,多步倒推,,,,,,,,,,ID-901,,生活情境,ALG_L3,,RATIO,D2_REVERSE_SINGLE,I1_SHALLOW,C2_INTRA_MODULE,Ch-A
KF-0079,高年级,课内,典型应用题,分段计费问题,阶梯电价(分段累计),比多比少问题、含小括号的混合运算(多步综合L4),ID-202 [算理转化],,纯文本/算式,KP-0085|KP-0100,直接给出隐含条件; 加入无关数据,,,,,,,,,,ID-602,,纯文本/算式,ALG_L4,,OPTIMIZATION,D3_FORWARD_MULTI,I0_RAW,C2_INTRA_MODULE,Ch-A
KF-0080,高年级,课内,典型应用题,分段计费问题,出租车费(起步价+里程费),比多比少问题、含小括号的混合运算(多步综合L4),ID-202 [算理转化],,生活情境,KP-0085|KP-0100,直接给出隐含条件; 加入无关数据,,,,,,,,,,ID-602,,纯文本/算式,ALG_L4,,OPTIMIZATION,D3_FORWARD_MULTI,I0_RAW,C2_INTRA_MODULE,Ch-A
KF-0081,全学段,课内,图形与几何,平面图形周长,靠墙围栏问题(长方形),已知长方形周长的计算、长方形周长的算理反求参数(逆向L4),ID-602 [极值与估算],,生活情境,KP-0191|KP-0190,直接给出隐含条件; 加入无关数据; 等量替换/平移法,,,,,,,,,,ID-201,,图文结合,ALG_L4,,LENGTH,D4_REVERSE_MULTI,I1_SHALLOW,C2_INTRA_MODULE,Ch-V
KF-0082,全学段,课内,图形与几何,平面图形周长,平移法求不规则图形周长(阶梯型),长方形周长的计算、在方格纸上平移图形(正向计算L5),ID-201 [形体转化],,图文结合,KP-0191|KP-0301,静态描述; 加入无关动态过程,,,,,,,,,,ID-201,,图文结合,ALG_L5,,LENGTH,D4_REVERSE_MULTI,I1_SHALLOW,C2_INTRA_MODULE,Ch-V
KF-0083,全学段,课内,图形与几何,平面图形周长,已知正方形周长求边长,已知正方形周长的计算反求参数(逆向L3),ID-202 [算理转化],,图文结合,KP-0192,多步倒推; 等量替换/平移法,,,,,,,,,,ID-201,,图文结合,ALG_L3,,LENGTH,D2_REVERSE_SINGLE,I1_SHALLOW,C1_SINGLE,Ch-V
KF-0084,全学段,课内,图形与几何,平面图形周长,已知长方形周长和一边求另一边,已知长方形周长的计算、长方形周长的算理反求参数(逆向L3),ID-202 [算理转化],,图文结合,KP-0191|KP-0190,多步倒推; 等量替换/平移法,,,,,,,,,,ID-201,,图文结合,ALG_L3,,LENGTH,D2_REVERSE_SINGLE,I1_SHALLOW,C2_INTRA_MODULE,Ch-V
KF-0085,全学段,课内,图形与几何,平面图形周长,求与圆有关的组合图形周长,圆的周长计算、圆周率的意义(正向计算L2),ID-201 [形体转化],ID-401 [图解算理],图文结合,KP-0441|KP-0440,从结果反推; 等量替换/平移法,,,,,,,,,,ID-201,,图文结合,ALG_L2,,LENGTH,D2_FORWARD_MULTI,I1_SHALLOW,C2_INTRA_MODULE,Ch-V
KF-0086,全学段,课内,图形与几何,平面图形周长,已知圆的周长求半径,已知圆的周长计算、圆周率的意义等反求参数(逆向L3),ID-202 [算理转化],,图文结合,KP-0441|KP-0440|KP-0439,多步倒推; 等量替换/平移法,,,,,,,,,,ID-201,,图文结合,ALG_L3,,LENGTH,D2_REVERSE_SINGLE,I1_SHALLOW,C3_CROSS_MODULE,Ch-V
KF-0087,全学段,课内,图形与几何,平面图形周长,已知圆的周长求直径,已知圆的周长计算、圆周率的意义反求参数(逆向L3),ID-202 [算理转化],,图文结合,KP-0441|KP-0440,多步倒推; 等量替换/平移法,,,,,,,,,,ID-201,,图文结合,ALG_L3,,LENGTH,D2_REVERSE_SINGLE,I1_SHALLOW,C2_INTRA_MODULE,Ch-V
KF-0088,全学段,课内,图形与几何,平面图形周长,小圆直径和等于大圆直径时周长相等,已知圆的周长计算、圆周率的意义反求参数(逆向L4),ID-202 [算理转化],,图文结合,KP-0441|KP-0440,直接给出隐含条件; 加入无关数据; 等量替换/平移法,,,,,,,,,,ID-201,,图文结合,ALG_L4,,LENGTH,D4_REVERSE_MULTI,I1_SHALLOW,C2_INTRA_MODULE,Ch-V
KF-0089,全学段,课内,图形与几何,平面图形面积,割补法求不规则面积,组合图形面积、组合图形面积等(多步L5),ID-201 [形体转化],ID-401 [图解算理],生活情境,KP-0377|KP-0378|KP-0199,静态描述; 加入无关动态过程; 给出多余边长,,,,,,,,,,ID-201,,图文结合,ALG_L3,,AREA,D2_REVERSE_SINGLE,I1_SHALLOW,C3_CROSS_MODULE,Ch-V
KF-0090,全学段,课内,图形与几何,平面图形面积,已知长方形面积和一边求另一边,已知长方形面积的计算、长方形面积的算理反求参数(逆向L3),ID-202 [算理转化],,图文结合,KP-0199|KP-0198,多步倒推; 割补转化,,,,,,,,,,ID-201,,图文结合,ALG_L3,,AREA,D2_REVERSE_SINGLE,I1_SHALLOW,C2_INTRA_MODULE,Ch-V
KF-0091,全学段,课内,图形与几何,平面图形面积,已知正方形面积求边长,已知正方形面积的计算反求参数(逆向L3),ID-202 [算理转化],,图文结合,KP-0200,多步倒推; 割补转化,,,,,,,,,,ID-201,,图文结合,ALG_L3,,AREA,D2_REVERSE_SINGLE,I1_SHALLOW,C1_SINGLE,Ch-V
KF-0092,全学段,课内,图形与几何,平面图形面积,已知三角形面积和底(高)求高(底),已知三角形面积的计算、三角形面积的推导反求参数(逆向L3),ID-202 [算理转化],,图文结合,KP-0374|KP-0373,多步倒推; 割补转化,,,,,,,,,,ID-201,,图文结合,ALG_L3,,AREA,D2_REVERSE_SINGLE,I1_SHALLOW,C2_INTRA_MODULE,Ch-V
KF-0093,全学段,课内,图形与几何,平面图形面积,已知平行四边形面积和底(高)求高(底),已知平行四边形面积的计算、平行四边形面积的推导反求参数(逆向L3),ID-202 [算理转化],,图文结合,KP-0372|KP-0371,多步倒推; 割补转化,,,,,,,,,,ID-201,,图文结合,ALG_L3,,AREA,D2_REVERSE_SINGLE,I1_SHALLOW,C2_INTRA_MODULE,Ch-V
KF-0094,全学段,课内,图形与几何,平面图形面积,已知梯形面积和上下底求高,已知梯形面积的计算、梯形面积的推导反求参数(逆向L3),ID-202 [算理转化],,图文结合,KP-0376|KP-0375,多步倒推; 割补转化,,,,,,,,,,ID-201,,图文结合,ALG_L3,,AREA,D2_REVERSE_SINGLE,I1_SHALLOW,C2_INTRA_MODULE,Ch-V
KF-0095,全学段,课内,图形与几何,平面图形面积,格点面积(数方格法),面积的概念、不规则图形面积(正向计算L2),ID-401 [图解算理],,图文结合,KP-0196|KP-0503,从结果反推; 割补转化,,,,,,,,,,ID-201,,图文结合,ALG_L2,,AREA,D2_FORWARD_MULTI,I1_SHALLOW,C2_INTRA_MODULE,Ch-V
KF-0096,全学段,课内,图形与几何,平面图形面积,物体平移形成长方形的面积(洒水车类),已知长方形面积的计算、在方格纸上平移图形反求参数(逆向L4),ID-201 [形体转化],,图文结合,KP-0199|KP-0301,直接给出隐含条件; 加入无关数据; 割补转化,,,,,,,,,,ID-201,,图文结合,ALG_L4,,AREA,D4_REVERSE_MULTI,I1_SHALLOW,C2_INTRA_MODULE,Ch-V
KF-0097,全学段,课内,图形与几何,平面图形面积,围三面篱笆求长方形面积,已知长方形面积的计算、长方形周长的计算反求参数(逆向L4),ID-602 [极值与估算],,生活情境,KP-0199|KP-0191,直接给出隐含条件; 加入无关数据; 割补转化,,,,,,,,,,ID-201,,图文结合,ALG_L4,,AREA,D4_REVERSE_MULTI,I1_SHALLOW,C2_INTRA_MODULE,Ch-V
KF-0098,全学段,课内,图形与几何,平面图形面积,围三面篱笆求梯形面积,已知梯形面积的计算、长方形面积的计算反求参数(逆向L4),ID-602 [极值与估算],,生活情境,KP-0376|KP-0199,直接给出隐含条件; 加入无关数据; 割补转化,,,,,,,,,,ID-201,,图文结合,ALG_L4,,AREA,D4_REVERSE_MULTI,I1_SHALLOW,C2_INTRA_MODULE,Ch-V
KF-0099,全学段,课内,图形与几何,平面图形面积,等底等高三角形与平行四边形面积关系,已知三角形面积的计算、平行四边形面积的计算反求参数(逆向L4),ID-201 [形体转化],,图文结合,KP-0374|KP-0372,直接给出隐含条件; 加入无关数据; 割补转化,,,,,,,,,,ID-201,,图文结合,ALG_L4,,AREA,D4_REVERSE_MULTI,I1_SHALLOW,C2_INTRA_MODULE,Ch-V
KF-0100,全学段,课内,图形与几何,平面图形面积,底(高)相等时面积的倍比关系,三角形面积的计算、平行四边形面积的计算(正向计算L1),ID-202 [算理转化],,图文结合,KP-0374|KP-0372,已知结果反求条件; 串联两步计算; 割补转化,,,,,,,,,,ID-201,,图文结合,ALG_L1,,AREA,D1_FORWARD_SINGLE,I1_SHALLOW,C2_INTRA_MODULE,Ch-V
KF-0101,全学段,课内,图形与几何,平面图形面积,长(宽)变化引起长方形面积变化,已知长方形面积的计算、积的变化规律反求参数(逆向L4),ID-202 [算理转化],,图文结合,KP-0199|KP-0246,直接给出隐含条件; 加入无关数据; 割补转化,,,,,,,,,,ID-201,,图文结合,ALG_L4,,AREA,D4_REVERSE_MULTI,I1_SHALLOW,C2_INTRA_MODULE,Ch-V
KF-0102,全学段,课内,图形与几何,平面图形面积,边长变化引起正方形面积变化,已知正方形面积的计算、积的变化规律反求参数(逆向L4),ID-202 [算理转化],,图文结合,KP-0200|KP-0247,直接给出隐含条件; 加入无关数据; 割补转化,,,,,,,,,,ID-201,,图文结合,ALG_L4,,AREA,D4_REVERSE_MULTI,I1_SHALLOW,C2_INTRA_MODULE,Ch-V
KF-0103,全学段,课内,图形与几何,平面图形面积,底(高)变化引起三角形面积变化,已知三角形面积的计算、积的变化规律反求参数(逆向L4),ID-202 [算理转化],,图文结合,KP-0374|KP-0246,直接给出隐含条件; 加入无关数据; 割补转化,,,,,,,,,,ID-201,,图文结合,ALG_L4,,AREA,D4_REVERSE_MULTI,I1_SHALLOW,C2_INTRA_MODULE,Ch-V
KF-0104,全学段,课内,图形与几何,平面图形面积,底(高)变化引起平行四边形面积变化,已知平行四边形面积的计算、积的变化规律反求参数(逆向L4),ID-202 [算理转化],,图文结合,KP-0372|KP-0246,直接给出隐含条件; 加入无关数据; 割补转化,,,,,,,,,,ID-201,,图文结合,ALG_L4,,AREA,D4_REVERSE_MULTI,I1_SHALLOW,C2_INTRA_MODULE,Ch-V
KF-0105,全学段,课内,图形与几何,平面图形面积,底(高)变化引起梯形面积变化,已知梯形面积的计算、积的变化规律反求参数(逆向L4),ID-202 [算理转化],,图文结合,KP-0376|KP-0246,直接给出隐含条件; 加入无关数据; 割补转化,,,,,,,,,,ID-201,,图文结合,ALG_L4,,AREA,D4_REVERSE_MULTI,I1_SHALLOW,C2_INTRA_MODULE,Ch-V
KF-0106,全学段,课内,图形与几何,平面图形面积,求环绕道路的面积,组合图形面积、长方形面积的计算(多步L2),ID-201 [形体转化],,图文结合,KP-0378|KP-0199,从结果反推; 割补转化,,,,,,,,,,ID-201,,图文结合,ALG_L2,,AREA,D2_FORWARD_MULTI,I1_SHALLOW,C2_INTRA_MODULE,Ch-V
KF-0107,全学段,课内,图形与几何,平面图形面积,求去掉中间道路后的面积,组合图形面积、长方形面积的计算(多步L2),ID-201 [形体转化],,图文结合,KP-0378|KP-0199,从结果反推; 割补转化,,,,,,,,,,ID-201,,图文结合,ALG_L2,,AREA,D2_FORWARD_MULTI,I1_SHALLOW,C2_INTRA_MODULE,Ch-V
KF-0108,全学段,课内,图形与几何,平面图形面积,求组合图形的面积(分割法),组合图形面积、三角形面积的计算等(多步L2),ID-201 [形体转化],ID-401 [图解算理],图文结合,KP-0377|KP-0374|KP-0376,从结果反推; 割补转化,,,,,,,,,,ID-201,,图文结合,ALG_L2,,AREA,D2_FORWARD_MULTI,I1_SHALLOW,C3_CROSS_MODULE,Ch-V
KF-0109,全学段,课内,图形与几何,平面图形面积,求组合图形的面积(添补法),组合图形面积、长方形面积的计算(多步L2),ID-201 [形体转化],ID-401 [图解算理],图文结合,KP-0378|KP-0199,从结果反推; 割补转化,,,,,,,,,,ID-201,,图文结合,ALG_L2,,AREA,D2_FORWARD_MULTI,I1_SHALLOW,C2_INTRA_MODULE,Ch-V
KF-0110,全学段,课内,图形与几何,平面图形面积,求大图形中去掉小图形后的面积,组合图形面积(多步L2),ID-201 [形体转化],,图文结合,KP-0378,从结果反推; 割补转化,,,,,,,,,,ID-201,,图文结合,ALG_L2,,AREA,D2_FORWARD_MULTI,I1_SHALLOW,C1_SINGLE,Ch-V
KF-0111,全学段,课内,图形与几何,平面图形面积,通过正方形对角线求面积,已知正方形面积的计算、三角形面积的计算反求参数(逆向L4),ID-201 [形体转化],,图文结合,KP-0200|KP-0374,直接给出隐含条件; 加入无关数据; 割补转化,,,,,,,,,,ID-201,,图文结合,ALG_L4,,AREA,D4_REVERSE_MULTI,I1_SHALLOW,C2_INTRA_MODULE,Ch-V
KF-0112,全学段,课内,图形与几何,平面图形面积,旋转法求图形面积(圆相关),圆面积的计算、在方格纸上画旋转图形(正向计算L5),ID-201 [形体转化],,图文结合,KP-0443|KP-0392,静态描述; 加入无关动态过程; 割补转化,,,,,,,,,,ID-201,,图文结合,ALG_L5,,AREA,D4_REVERSE_MULTI,I1_SHALLOW,C2_INTRA_MODULE,Ch-V
KF-0113,全学段,课内,图形与几何,平面图形面积,已知半圆周长求半圆面积,已知圆面积的计算、圆的周长计算反求参数(逆向L4),ID-202 [算理转化],ID-701 [步骤倒推],图文结合,KP-0443|KP-0441,加入过程变化; 割补转化,,,,,,,,,,ID-201,,图文结合,ALG_L4,,AREA,D4_REVERSE_MULTI,I1_SHALLOW,C2_INTRA_MODULE,Ch-V
KF-0114,全学段,课内,图形与几何,平面图形面积,已知圆面积求半径,已知圆面积的计算、圆的特征与各部分名称反求参数(逆向L3),ID-202 [算理转化],,图文结合,KP-0443|KP-0439,多步倒推; 割补转化,,,,,,,,,,ID-201,,图文结合,ALG_L3,,AREA,D2_REVERSE_SINGLE,I1_SHALLOW,C2_INTRA_MODULE,Ch-V
KF-0115,全学段,课内,图形与几何,平面图形面积,通过求出半径的平方解决圆面积问题,已知圆面积的计算、圆的特征与各部分名称反求参数(逆向L4),ID-202 [算理转化],,图文结合,KP-0443|KP-0439,直接给出隐含条件; 加入无关数据; 割补转化,,,,,,,,,,ID-201,,图文结合,ALG_L4,,AREA,D4_REVERSE_MULTI,I1_SHALLOW,C2_INTRA_MODULE,Ch-V
KF-0116,全学段,课内,图形与几何,平面图形面积,带有公共部分的周长大小比较,已知长方形周长的计算、圆的周长计算反求参数(逆向L4),ID-201 [形体转化],,图文结合,KP-0191|KP-0441,直接给出隐含条件; 加入无关数据; 割补转化,,,,,,,,,,ID-201,,图文结合,ALG_L4,,LENGTH,D4_REVERSE_MULTI,I1_SHALLOW,C2_INTRA_MODULE,Ch-V
KF-0117,全学段,课内,图形与几何,立体图形表面积,无盖长方体表面积,已知长方体的表面积计算、表面积的实际应用反求参数(逆向L4),ID-201 [形体转化],,生活情境,KP-0384|KP-0386,直接给出隐含条件; 加入无关数据; 切割/拼接后变化,,,,,,,,,,ID-201,,图文结合,ALG_L4,,AREA,D4_REVERSE_MULTI,I1_SHALLOW,C2_INTRA_MODULE,Ch-V
KF-0118,全学段,课内,图形与几何,立体图形表面积,通风管(烟囱)表面积,已知圆柱的侧面积计算、圆柱的表面积计算反求参数(逆向L4),ID-201 [形体转化],,生活情境,KP-0450|KP-0451,直接给出隐含条件; 加入无关数据; 无盖/靠墙少面,,,,,,,,,,ID-201,,图文结合,ALG_L4,,AREA,D4_REVERSE_MULTI,I1_SHALLOW,C2_INTRA_MODULE,Ch-V
KF-0119,全学段,课内,图形与几何,立体图形表面积,切一刀增加表面积,长方体的表面积计算、长方形面积的计算(正向计算L5),ID-201 [形体转化],,生活情境,KP-0384|KP-0199,静态描述; 加入无关动态过程; 无盖/靠墙少面,,,,,,,,,,ID-201,,图文结合,ALG_L5,,AREA,D4_REVERSE_MULTI,I1_SHALLOW,C2_INTRA_MODULE,Ch-V
KF-0120,全学段,课内,图形与几何,立体图形表面积,求组合体的表面积,长方体的表面积计算、正方体的表面积计算(正向计算L2),ID-201 [形体转化],,图文结合,KP-0384|KP-0385,从结果反推; 无盖/靠墙少面,,,,,,,,,,ID-201,,图文结合,ALG_L2,,AREA,D2_FORWARD_MULTI,I1_SHALLOW,C2_INTRA_MODULE,Ch-V
KF-0121,全学段,课内,图形与几何,立体图形表面积,长方体拼搭组合体的最大表面积,已知长方体的表面积计算、长方形面积的计算反求参数(逆向L4),ID-602 [极值与估算],,图文结合,KP-0384|KP-0199,直接给出隐含条件; 加入无关数据; 无盖/靠墙少面,,,,,,,,,,ID-201,,图文结合,ALG_L4,,AREA,D4_REVERSE_MULTI,I1_SHALLOW,C2_INTRA_MODULE,Ch-V
KF-0122,全学段,课内,图形与几何,立体图形表面积,长方体拼搭组合体的最小表面积,已知长方体的表面积计算、长方形面积的计算反求参数(逆向L4),ID-602 [极值与估算],,图文结合,KP-0384|KP-0199,直接给出隐含条件; 加入无关数据; 无盖/靠墙少面,,,,,,,,,,ID-201,,图文结合,ALG_L4,,AREA,D4_REVERSE_MULTI,I1_SHALLOW,C2_INTRA_MODULE,Ch-V
KF-0123,全学段,课内,图形与几何,立体图形表面积,立体图形拼接引起的表面积变化,长方体的表面积计算、正方体的表面积计算(正向计算L5),ID-201 [形体转化],,图文结合,KP-0384|KP-0385,静态描述; 加入无关动态过程; 无盖/靠墙少面,,,,,,,,,,ID-201,,图文结合,ALG_L5,,AREA,D4_REVERSE_MULTI,I1_SHALLOW,C2_INTRA_MODULE,Ch-V
KF-0124,全学段,课内,图形与几何,立体图形表面积,立体图形截断引起的表面积变化,长方体的表面积计算、长方形面积的计算(正向计算L5),ID-201 [形体转化],,图文结合,KP-0384|KP-0199,静态描述; 加入无关动态过程; 无盖/靠墙少面,,,,,,,,,,ID-201,,图文结合,ALG_L5,,AREA,D4_REVERSE_MULTI,I1_SHALLOW,C2_INTRA_MODULE,Ch-V
KF-0125,全学段,课内,图形与几何,立体图形表面积,在长方体角上挖空的表面积变化,长方体的表面积计算、正方体的表面积计算(正向计算L5),ID-201 [形体转化],,生活情境,KP-0384|KP-0385,静态描述; 加入无关动态过程; 切割/拼接后变化,,,,,,,,,,ID-201,,图文结合,ALG_L5,,AREA,D4_REVERSE_MULTI,I1_SHALLOW,C2_INTRA_MODULE,Ch-V
KF-0126,全学段,课内,图形与几何,立体图形表面积,在长方体棱上挖空的表面积变化,长方体的表面积计算、长方形面积的计算(正向计算L5),ID-201 [形体转化],,生活情境,KP-0384|KP-0199,静态描述; 加入无关动态过程; 切割/拼接后变化,,,,,,,,,,ID-201,,图文结合,ALG_L5,,AREA,D4_REVERSE_MULTI,I1_SHALLOW,C2_INTRA_MODULE,Ch-V
KF-0127,全学段,课内,图形与几何,立体图形表面积,在长方体面上挖空的表面积变化,长方体的表面积计算、长方形面积的计算(正向计算L5),ID-201 [形体转化],,生活情境,KP-0384|KP-0199,静态描述; 加入无关动态过程; 切割/拼接后变化,,,,,,,,,,ID-201,,图文结合,ALG_L5,,AREA,D4_REVERSE_MULTI,I1_SHALLOW,C2_INTRA_MODULE,Ch-V
KF-0128,全学段,课内,图形与几何,立体图形表面积,长宽高变化引起表面积变化,已知长方体的表面积计算、积的变化规律反求参数(逆向L4),ID-202 [算理转化],,图文结合,KP-0384|KP-0246,直接给出隐含条件; 加入无关数据; 无盖/靠墙少面,,,,,,,,,,ID-201,,图文结合,ALG_L4,,AREA,D4_REVERSE_MULTI,I1_SHALLOW,C2_INTRA_MODULE,Ch-V
KF-0129,全学段,课内,图形与几何,立体图形表面积,用圆柱表面积解决实际问题(贴纸油漆类),已知圆柱的表面积计算、圆柱的侧面积计算反求参数(逆向L4),ID-201 [形体转化],,图文结合,KP-0451|KP-0450,直接给出隐含条件; 加入无关数据; 无盖/靠墙少面,,,,,,,,,,ID-201,,图文结合,ALG_L4,,AREA,D4_REVERSE_MULTI,I1_SHALLOW,C2_INTRA_MODULE,Ch-V
KF-0130,全学段,课内,图形与几何,立体图形表面积,已知圆柱侧面积和半径求高,已知圆柱的侧面积计算、圆的周长计算反求参数(逆向L3),ID-202 [算理转化],,图文结合,KP-0450|KP-0441,多步倒推; 无盖/靠墙少面,,,,,,,,,,ID-201,,图文结合,ALG_L3,,AREA,D2_REVERSE_SINGLE,I1_SHALLOW,C2_INTRA_MODULE,Ch-V
KF-0131,全学段,课内,图形与几何,立体图形表面积,组合体露在外面的表面积,长方体的表面积计算、正方体的表面积计算(正向计算L2),ID-201 [形体转化],,图文结合,KP-0384|KP-0385,从结果反推; 无盖/靠墙少面,,,,,,,,,,ID-201,,图文结合,ALG_L2,,AREA,D2_FORWARD_MULTI,I1_SHALLOW,C2_INTRA_MODULE,Ch-V
KF-0132,全学段,课内,图形与几何,立体图形表面积,正方体表面涂色问题(角棱面分类),已知正方体的表面积计算、正方体的特征反求参数(逆向L4),ID-901 [组合枚举],,图文结合,KP-0385|KP-0380,直接给出隐含条件; 加入无关数据; 无盖/靠墙少面,,,,,,,,,,ID-201,,图文结合,ALG_L4,,AREA,D4_REVERSE_MULTI,I1_SHALLOW,C2_INTRA_MODULE,Ch-V
KF-0133,全学段,课内,图形与几何,立体图形表面积,求包装后的包装纸面积,长方体的表面积计算、表面积的实际应用(正向计算L2),ID-201 [形体转化],,图文结合,KP-0384|KP-0386,从结果反推; 无盖/靠墙少面,,,,,,,,,,ID-201,,图文结合,ALG_L2,,AREA,D2_FORWARD_MULTI,I1_SHALLOW,C2_INTRA_MODULE,Ch-V
KF-0134,全学段,课内,图形与几何,立体图形表面积,已知正方体表面积求棱长,已知正方体的表面积计算、正方体的特征反求参数(逆向L3),ID-202 [算理转化],,图文结合,KP-0385|KP-0380,多步倒推; 无盖/靠墙少面,,,,,,,,,,ID-201,,图文结合,ALG_L3,,AREA,D2_REVERSE_SINGLE,I1_SHALLOW,C2_INTRA_MODULE,Ch-V
KF-0135,全学段,课内,图形与几何,立体图形表面积,已知长方体表面积求长宽高,已知长方体的表面积计算、长方体的特征反求参数(逆向L4),ID-202 [算理转化],ID-701 [步骤倒推],图文结合,KP-0384|KP-0379,加入过程变化; 无盖/靠墙少面,,,,,,,,,,ID-201,,图文结合,ALG_L4,,AREA,D4_REVERSE_MULTI,I1_SHALLOW,C2_INTRA_MODULE,Ch-V
KF-0136,全学段,课内,图形与几何,立体图形体积,捏橡皮泥问题(等体积变形),已知长方体的体积计算、正方体的体积计算等反求参数(逆向L4),ID-201 [形体转化],,图文结合,KP-0388|KP-0389|KP-0387,直接给出隐含条件; 加入无关数据; 排水法求体积,,,,,,,,,,ID-201,,图文结合,ALG_L4,,VOLUME,D4_REVERSE_MULTI,I1_SHALLOW,C3_CROSS_MODULE,Ch-V
KF-0137,全学段,课内,图形与几何,立体图形体积,熔铸问题(等体积变形),已知圆柱体积的计算、圆锥体积的计算等反求参数(逆向L4),ID-201 [形体转化],,图文结合,KP-0453|KP-0458|KP-0387,直接给出隐含条件; 加入无关数据; 排水法求体积,,,,,,,,,,ID-201,,图文结合,ALG_L4,,VOLUME,D4_REVERSE_MULTI,I1_SHALLOW,C3_CROSS_MODULE,Ch-V
KF-0138,全学段,课内,图形与几何,立体图形体积,完全浸没求体积(排水法),已知长方体的体积计算、体积与容积的概念反求参数(逆向L4),ID-201 [形体转化],ID-501 [等量代换],图文结合,KP-0388|KP-0387,直接给出隐含条件; 加入无关数据; 平面旋转成立体,,,,,,,,,,ID-201,,图文结合,ALG_L4,,VOLUME,D4_REVERSE_MULTI,I1_SHALLOW,C2_INTRA_MODULE,Ch-V
KF-0139,全学段,课内,图形与几何,立体图形体积,物体完全浸没后液面深度变化,已知长方体的体积计算、体积与容积的概念反求参数(逆向L3),ID-201 [形体转化],ID-501 [等量代换],图文结合,KP-0388|KP-0387,多步倒推; 平面旋转成立体,,,,,,,,,,ID-201,,图文结合,ALG_L3,,VOLUME,D2_REVERSE_SINGLE,I1_SHALLOW,C2_INTRA_MODULE,Ch-V
KF-0140,全学段,课内,图形与几何,立体图形体积,物体全浸没时溢出水的体积,已知长方体的体积计算、体积与容积的概念反求参数(逆向L4),ID-201 [形体转化],ID-501 [等量代换],图文结合,KP-0388|KP-0387,直接给出隐含条件; 加入无关数据; 平面旋转成立体,,,,,,,,,,ID-201,,图文结合,ALG_L4,,VOLUME,D4_REVERSE_MULTI,I1_SHALLOW,C2_INTRA_MODULE,Ch-V
KF-0141,全学段,课内,图形与几何,立体图形体积,液体中未完全浸入的体积问题,已知长方体的体积计算、体积与容积的概念反求参数(逆向L4),ID-201 [形体转化],,图文结合,KP-0388|KP-0387,直接给出隐含条件; 加入无关数据; 排水法求体积,,,,,,,,,,ID-201,,图文结合,ALG_L4,,VOLUME,D4_REVERSE_MULTI,I1_SHALLOW,C2_INTRA_MODULE,Ch-V
KF-0142,全学段,课内,图形与几何,立体图形体积,求组合体的体积,长方体的体积计算、正方体的体积计算等(正向计算L2),ID-201 [形体转化],,图文结合,KP-0388|KP-0389|KP-0453,从结果反推; 排水法求体积,,,,,,,,,,ID-201,,图文结合,ALG_L2,,VOLUME,D2_FORWARD_MULTI,I1_SHALLOW,C3_CROSS_MODULE,Ch-V
KF-0143,全学段,课内,图形与几何,立体图形体积,平面图形旋转成立体图形的体积,圆柱体积的计算、圆锥体积的计算等(正向计算L5),ID-201 [形体转化],,图文结合,KP-0453|KP-0458|KP-0392,静态描述; 加入无关动态过程; 排水法求体积,,,,,,,,,,ID-201,,图文结合,ALG_L5,,VOLUME,D4_REVERSE_MULTI,I1_SHALLOW,C3_CROSS_MODULE,Ch-V
KF-0144,全学段,课内,图形与几何,立体图形体积,辨别平面图形绕轴旋转后的立体图形,圆柱的特征与展开图、圆锥的特征等(正向计算L5),ID-201 [形体转化],,图文结合,KP-0449|KP-0454|KP-0392,静态描述; 加入无关动态过程; 排水法求体积,,,,,,,,,,ID-201,,图文结合,ALG_L5,,TRANSFORM,D4_REVERSE_MULTI,I1_SHALLOW,C3_CROSS_MODULE,Ch-V
KF-0145,全学段,课内,图形与几何,立体图形体积,底面积与体积的倍比关系(高不变),长方体的体积计算、积的变化规律(正向计算L1),ID-202 [算理转化],,图文结合,KP-0388|KP-0246,已知结果反求条件; 串联两步计算; 排水法求体积,,,,,,,,,,ID-201,,图文结合,ALG_L1,,VOLUME,D1_FORWARD_SINGLE,I1_SHALLOW,C2_INTRA_MODULE,Ch-V
KF-0146,全学段,课内,图形与几何,立体图形体积,高与体积的倍比关系(底面积不变),长方体的体积计算、积的变化规律(正向计算L1),ID-202 [算理转化],,图文结合,KP-0388|KP-0246,已知结果反求条件; 串联两步计算; 排水法求体积,,,,,,,,,,ID-201,,图文结合,ALG_L1,,VOLUME,D1_FORWARD_SINGLE,I1_SHALLOW,C2_INTRA_MODULE,Ch-V
KF-0147,全学段,课内,图形与几何,立体图形体积,通过倒立瓶子求瓶子容积,已知圆柱体积的计算、体积与容积的概念反求参数(逆向L4),ID-201 [形体转化],,图文结合,KP-0453|KP-0387,直接给出隐含条件; 加入无关数据; 排水法求体积,,,,,,,,,,ID-201,,图文结合,ALG_L4,,VOLUME,D4_REVERSE_MULTI,I1_SHALLOW,C2_INTRA_MODULE,Ch-V
KF-0148,全学段,课内,图形与几何,立体图形体积,求钢管的体积(大圆柱-小圆柱),圆柱体积的计算、圆环面积的计算(正向计算L2),ID-201 [形体转化],,图文结合,KP-0453|KP-0444,从结果反推; 排水法求体积,,,,,,,,,,ID-201,,图文结合,ALG_L2,,AREA,D2_FORWARD_MULTI,I1_SHALLOW,C2_INTRA_MODULE,Ch-V
KF-0149,全学段,课内,图形与几何,立体图形体积,求卷纸的长度(体积÷纸厚度),已知圆柱体积的计算、圆环面积的计算反求参数(逆向L4),ID-201 [形体转化],ID-701 [步骤倒推],图文结合,KP-0453|KP-0444,加入过程变化; 排水法求体积,,,,,,,,,,ID-201,,图文结合,ALG_L4,,AREA,D4_REVERSE_MULTI,I1_SHALLOW,C2_INTRA_MODULE,Ch-V
KF-0150,全学段,课内,图形与几何,立体图形体积,圆柱与圆锥体积的1/3关系(等底等高),已知圆柱体积的计算、圆锥体积的计算等反求参数(逆向L4),ID-202 [算理转化],,图文结合,KP-0453|KP-0458|KP-0457,直接给出隐含条件; 加入无关数据; 排水法求体积,,,,,,,,,,ID-201,,图文结合,ALG_L4,,VOLUME,D4_REVERSE_MULTI,I1_SHALLOW,C3_CROSS_MODULE,Ch-V
KF-0151,全学段,课内,图形与几何,立体图形体积,已知圆柱体积和底面积求高,已知圆柱体积的计算、圆面积的计算反求参数(逆向L3),ID-202 [算理转化],,图文结合,KP-0453|KP-0443,多步倒推; 排水法求体积,,,,,,,,,,ID-201,,图文结合,ALG_L3,,AREA,D2_REVERSE_SINGLE,I1_SHALLOW,C2_INTRA_MODULE,Ch-V
KF-0152,全学段,课内,图形与几何,立体图形体积,已知圆柱体积和高求底面积,已知圆柱体积的计算、圆面积的计算反求参数(逆向L3),ID-202 [算理转化],,图文结合,KP-0453|KP-0443,多步倒推; 排水法求体积,,,,,,,,,,ID-201,,图文结合,ALG_L3,,AREA,D2_REVERSE_SINGLE,I1_SHALLOW,C2_INTRA_MODULE,Ch-V
KF-0153,全学段,课内,图形与几何,立体图形体积,物体平移形成柱体的体积,已知圆柱体积的计算、长方体的体积计算反求参数(逆向L4),ID-201 [形体转化],,图文结合,KP-0453|KP-0388,直接给出隐含条件; 加入无关数据; 排水法求体积,,,,,,,,,,ID-201,,图文结合,ALG_L4,,VOLUME,D4_REVERSE_MULTI,I1_SHALLOW,C2_INTRA_MODULE,Ch-V
KF-0154,全学段,课内,图形与几何,图形变换,折叠剪纸(正向：折后剪什么形状),轴对称图形的直观特征、补全轴对称图形(正向计算L5),ID-201 [形体转化],,图文结合,KP-0130|KP-0303,静态描述; 加入无关动态过程,,,,,,,,,,ID-201,,图文结合,ALG_L5,,TRANSFORM,D4_REVERSE_MULTI,I1_SHALLOW,C2_INTRA_MODULE,Ch-V
KF-0155,全学段,课内,图形与几何,图形变换,折叠剪纸(逆向：剪出指定形状怎么折),已知轴对称图形的直观特征、补全轴对称图形反求参数(逆向L4),ID-201 [形体转化],ID-701 [步骤倒推],图文结合,KP-0130|KP-0303,加入过程变化,,,,,,,,,,ID-201,,图文结合,ALG_L4,,TRANSFORM,D4_REVERSE_MULTI,I1_SHALLOW,C2_INTRA_MODULE,Ch-V
KF-0156,全学段,课内,图形与几何,图形变换,根据轴对称补图,补全轴对称图形、轴对称图形的直观特征(正向计算L1),ID-201 [形体转化],,图文结合,KP-0303|KP-0130,已知结果反求条件; 串联两步计算,,,,,,,,,,ID-201,,图文结合,ALG_L1,,TRANSFORM,D1_FORWARD_SINGLE,I1_SHALLOW,C2_INTRA_MODULE,Ch-V
KF-0157,全学段,课内,图形与几何,图形变换,根据对称性求角度,已知轴对称图形的直观特征、角的度量方法反求参数(逆向L4),ID-201 [形体转化],,图文结合,KP-0130|KP-0282,直接给出隐含条件; 加入无关数据,,,,,,,,,,ID-201,,图文结合,ALG_L4,,LENGTH,D4_REVERSE_MULTI,I1_SHALLOW,C2_INTRA_MODULE,Ch-V
KF-0158,全学段,课内,图形与几何,图形变换,根据对称性求长度,已知轴对称图形的直观特征、线段的直观特征反求参数(逆向L4),ID-201 [形体转化],,图文结合,KP-0130|KP-0121,直接给出隐含条件; 加入无关数据,,,,,,,,,,ID-201,,图文结合,ALG_L4,,LENGTH,D4_REVERSE_MULTI,I1_SHALLOW,C2_INTRA_MODULE,Ch-V
KF-0159,全学段,课内,图形与几何,图形变换,根据对称性求周长,已知轴对称图形的直观特征、长方形周长的计算反求参数(逆向L4),ID-201 [形体转化],,图文结合,KP-0130|KP-0191,直接给出隐含条件; 加入无关数据,,,,,,,,,,ID-201,,图文结合,ALG_L4,,LENGTH,D4_REVERSE_MULTI,I1_SHALLOW,C2_INTRA_MODULE,Ch-V
KF-0160,全学段,课内,图形与几何,图形变换,根据对称性求面积,已知轴对称图形的直观特征、长方形面积的计算反求参数(逆向L4),ID-201 [形体转化],,图文结合,KP-0130|KP-0199,直接给出隐含条件; 加入无关数据,,,,,,,,,,ID-201,,图文结合,ALG_L4,,AREA,D4_REVERSE_MULTI,I1_SHALLOW,C2_INTRA_MODULE,Ch-V
KF-0161,全学段,课内,图形与几何,图形变换,镜子中的影像(镜面对称),轴对称图形的直观特征(正向计算L5),ID-201 [形体转化],,图文结合,KP-0130,静态描述; 加入无关动态过程,,,,,,,,,,ID-201,,图文结合,ALG_L5,,TRANSFORM,D4_REVERSE_MULTI,I1_SHALLOW,C1_SINGLE,Ch-V
KF-0162,全学段,课内,图形与几何,图形分割,长方形中画最大的圆,已知圆的特征与各部分名称、长方形的边角特征反求参数(逆向L4),ID-602 [极值与估算],,图文结合,KP-0439|KP-0187,直接给出隐含条件; 加入无关数据,,,,,,,,,,ID-201,,图文结合,ALG_L4,,AREA,D4_REVERSE_MULTI,I1_SHALLOW,C2_INTRA_MODULE,Ch-V
KF-0163,全学段,课内,图形与几何,图形分割,正方形中画最大的圆,已知圆的特征与各部分名称、正方形的边角特征反求参数(逆向L4),ID-602 [极值与估算],,图文结合,KP-0439|KP-0188,直接给出隐含条件; 加入无关数据,,,,,,,,,,ID-201,,图文结合,ALG_L4,,AREA,D4_REVERSE_MULTI,I1_SHALLOW,C2_INTRA_MODULE,Ch-V
KF-0164,全学段,课内,图形与几何,图形分割,长方体中画最大的圆柱,已知圆柱的特征与展开图、长方体的特征反求参数(逆向L4),ID-602 [极值与估算],,图文结合,KP-0449|KP-0379,直接给出隐含条件; 加入无关数据,,,,,,,,,,ID-201,,图文结合,ALG_L4,,VOLUME,D4_REVERSE_MULTI,I1_SHALLOW,C2_INTRA_MODULE,Ch-V
KF-0165,全学段,课内,图形与几何,图形分割,将多边形分割成三角形(n-2个),三角形的定义与特征、四边形的直观特征(正向计算L2),ID-201 [形体转化],,图文结合,KP-0500|KP-0186,从结果反推,,,,,,,,,,ID-201,,图文结合,ALG_L2,,AREA,D2_FORWARD_MULTI,I1_SHALLOW,C2_INTRA_MODULE,Ch-V
KF-0166,全学段,课内,图形与几何,图形分割,探索多边形内角和((n-2)×180°),三角形内角和是180度、四边形内角和(正向计算L2),ID-201 [形体转化],,图文结合,KP-0296|KP-0297,从结果反推,,,,,,,,,,ID-201,,图文结合,ALG_L2,,AREA,D2_FORWARD_MULTI,I1_SHALLOW,C2_INTRA_MODULE,Ch-V
KF-0167,全学段,课内,图形与几何,图形分割,大图形里能放多少个小图形(铺地砖),长方形面积的计算、正方形面积的计算(正向计算L2),ID-602 [极值与估算],,图文结合,KP-0199|KP-0200,从结果反推,,,,,,,,,,ID-201,,图文结合,ALG_L2,,AREA,D2_FORWARD_MULTI,I1_SHALLOW,C2_INTRA_MODULE,Ch-V
KF-0168,全学段,课内,图形与几何,图形分割,圆分割成两个半圆后周长的变化,已知圆的周长计算、圆的特征与各部分名称反求参数(逆向L4),ID-201 [形体转化],,图文结合,KP-0441|KP-0439,直接给出隐含条件; 加入无关数据,,,,,,,,,,ID-201,,图文结合,ALG_L4,,LENGTH,D4_REVERSE_MULTI,I1_SHALLOW,C2_INTRA_MODULE,Ch-V
KF-0169,全学段,课内,图形与几何,图形分割,圆分割成两个半圆后面积不变,已知圆面积的计算、圆的特征与各部分名称反求参数(逆向L4),ID-201 [形体转化],,图文结合,KP-0443|KP-0439,直接给出隐含条件; 加入无关数据,,,,,,,,,,ID-201,,图文结合,ALG_L4,,AREA,D4_REVERSE_MULTI,I1_SHALLOW,C2_INTRA_MODULE,Ch-V
KF-0170,全学段,课内,图形与几何,图形分割,把长方形分割成最少的正方形(求GCD),已知求最大公因数、长方形的边角特征反求参数(逆向L4),ID-602 [极值与估算],,图文结合,KP-0350|KP-0187,直接给出隐含条件; 加入无关数据,,,,,,,,,,ID-602,,图文结合,ALG_L4,,AREA,D4_REVERSE_MULTI,I1_SHALLOW,C2_INTRA_MODULE,Ch-V
KF-0171,全学段,课内,图形与几何,图形拼组,极端拼接求最大周长,已知长方形周长的计算、正方形周长的计算反求参数(逆向L4),ID-602 [极值与估算],,图文结合,KP-0191|KP-0192,直接给出隐含条件; 加入无关数据,,,,,,,,,,ID-201,,图文结合,ALG_L4,,LENGTH,D4_REVERSE_MULTI,I1_SHALLOW,C2_INTRA_MODULE,Ch-V
KF-0172,全学段,课内,图形与几何,图形拼组,极端拼接求最小周长,已知长方形周长的计算、正方形周长的计算反求参数(逆向L4),ID-602 [极值与估算],,图文结合,KP-0191|KP-0192,直接给出隐含条件; 加入无关数据,,,,,,,,,,ID-201,,图文结合,ALG_L4,,LENGTH,D4_REVERSE_MULTI,I1_SHALLOW,C2_INTRA_MODULE,Ch-V
KF-0173,全学段,课内,图形与几何,图形拼组,利用三角板拼角,角的度量方法、锐角/直角/钝角/平角/周角的特征(正向计算L2),ID-901 [组合枚举],,图文结合,KP-0282|KP-0283,从结果反推,,,,,,,,,,ID-201,,图文结合,ALG_L2,,LENGTH,D2_FORWARD_MULTI,I1_SHALLOW,C2_INTRA_MODULE,Ch-V
KF-0174,全学段,课内,图形与几何,图形拼组,密铺(判断某图形能否密铺),已知密铺的认识、四边形的直观特征反求参数(逆向L4),ID-901 [组合枚举],,图文结合,KP-0504|KP-0186,直接给出隐含条件; 加入无关数据,,,,,,,,,,ID-201,,图文结合,ALG_L4,,AREA,D4_REVERSE_MULTI,I1_SHALLOW,C2_INTRA_MODULE,Ch-V
KF-0175,全学段,课内,图形与几何,图形拼组,求图形拼接后的周长(指定拼法),长方形周长的计算、正方形周长的计算(正向计算L2),ID-201 [形体转化],,图文结合,KP-0191|KP-0192,从结果反推,,,,,,,,,,ID-201,,图文结合,ALG_L2,,LENGTH,D2_FORWARD_MULTI,I1_SHALLOW,C2_INTRA_MODULE,Ch-V
KF-0176,全学段,课内,图形与几何,观察物体,从前后左右观察生活物体,辨认从不同位置观察简单物体的形状(L5),ID-201 [形体转化],,图文结合,KP-0137,静态描述; 加入无关动态过程,,,,,,,,,,ID-401,,图文结合,ALG_L5,,TRANSFORM,D4_REVERSE_MULTI,I1_SHALLOW,C1_SINGLE,Ch-V
KF-0177,全学段,课内,图形与几何,观察物体,从不同位置观察几何体(三视图),辨认从不同方向观察组合几何体的形状(L5),ID-201 [形体转化],,图文结合,KP-0138,静态描述; 加入无关动态过程,,,,,,,,,,ID-901,,图文结合,ALG_L5,,TRANSFORM,D4_REVERSE_MULTI,I1_SHALLOW,C1_SINGLE,Ch-V
KF-0178,全学段,课内,图形与几何,观察物体,根据形状图用正方体摆几何体,辨认从不同方向观察组合几何体的形状、正方体的直观特征(L4),ID-201 [形体转化],ID-701 [步骤倒推],图文结合,KP-0138|KP-0062,加入过程变化,,,,,,,,,,ID-901,,图文结合,ALG_L4,,TRANSFORM,D3_FORWARD_MULTI,I1_SHALLOW,C2_INTRA_MODULE,Ch-V
KF-0179,全学段,课内,图形与几何,观察物体,根据一个方向视图求最多正方体数量,辨认从不同方向观察组合几何体的形状(L4),ID-602 [极值与估算],ID-701 [步骤倒推],图文结合,KP-0138,加入过程变化,,,,,,,,,,ID-901,,图文结合,ALG_L4,,TRANSFORM,D3_FORWARD_MULTI,I1_SHALLOW,C1_SINGLE,Ch-V
KF-0180,全学段,课内,图形与几何,观察物体,根据一个方向视图求最少正方体数量,辨认从不同方向观察组合几何体的形状(L4),ID-602 [极值与估算],ID-701 [步骤倒推],图文结合,KP-0138,加入过程变化,,,,,,,,,,ID-901,,图文结合,ALG_L4,,TRANSFORM,D3_FORWARD_MULTI,I1_SHALLOW,C1_SINGLE,Ch-V
KF-0181,全学段,课内,图形与几何,观察物体,根据多方向视图还原几何体,辨认从不同方向观察组合几何体的形状(L4),ID-201 [形体转化],ID-701 [步骤倒推],图文结合,KP-0138,加入过程变化,,,,,,,,,,ID-901,,图文结合,ALG_L4,,TRANSFORM,D3_FORWARD_MULTI,I1_SHALLOW,C1_SINGLE,Ch-V
KF-0182,全学段,课内,图形与几何,线与角,利用线段最短性质解决问题,线段/直线/射线的特征、线段的直观特征(L4),ID-602 [极值与估算],,图文结合,KP-0281|KP-0121,直接给出隐含条件; 加入无关数据,,,,,,,,,,ID-401,,纯文本/算式,ALG_L4,,LENGTH,D3_FORWARD_MULTI,I0_RAW,C2_INTRA_MODULE,Ch-A
KF-0183,全学段,课内,图形与几何,线与角,利用垂线段最短性质解决问题,点到直线的距离、画垂线的方法(L4),ID-602 [极值与估算],,图文结合,KP-0287|KP-0286,直接给出隐含条件; 加入无关数据,,,,,,,,,,ID-401,,纯文本/算式,ALG_L4,,LENGTH,D3_FORWARD_MULTI,I0_RAW,C2_INTRA_MODULE,Ch-A
KF-0184,全学段,课内,图形与几何,线与角,利用平行线间距离相等解决问题,画平行线的方法、同一平面内两条直线的位置关系(L4),ID-201 [形体转化],,图文结合,KP-0288|KP-0285,直接给出隐含条件; 加入无关数据,,,,,,,,,,ID-401,,纯文本/算式,ALG_L4,,LENGTH,D3_FORWARD_MULTI,I0_RAW,C2_INTRA_MODULE,Ch-A
KF-0185,全学段,课内,图形与几何,线与角,角的简单计算(度数加减),角的度量方法、锐角/直角/钝角/平角/周角的特征(L1),ID-202 [算理转化],,图文结合,KP-0282|KP-0283,已知结果反求条件; 串联两步计算,,,,,,,,,,ID-401,,纯文本/算式,ALG_L1,,LENGTH,D1_FORWARD_SINGLE,I0_RAW,C2_INTRA_MODULE,Ch-A
KF-0186,全学段,课内,图形与几何,线与角,用直角或平角推理出相同的角,锐角/直角/钝角/平角/周角的特征、角的度量方法(L4),ID-202 [算理转化],,图文结合,KP-0283|KP-0282,直接给出隐含条件; 加入无关数据,,,,,,,,,,ID-401,,纯文本/算式,ALG_L4,,LENGTH,D3_FORWARD_MULTI,I0_RAW,C2_INTRA_MODULE,Ch-A
KF-0187,全学段,课内,图形与几何,认识图形,面在体上(从立体图形认识平面图形),已知长方体的直观特征、正方体的直观特征等反求参数(逆向L3),ID-201 [形体转化],,图文结合,KP-0061|KP-0062|KP-0065|KP-0066,纯数值计算; 图中信息不完整,,,,,,,,,,ID-201,,图文结合,ALG_L3,,VOLUME,D2_REVERSE_SINGLE,I1_SHALLOW,C3_CROSS_MODULE,Ch-V
KF-0188,全学段,课内,量与计量,时间单位,数钟面格子计算时间(低年级),认识整时、认识半时等(L2),ID-202 [算理转化],,纯文本/算式,KP-0468|KP-0469|KP-0467,从结果反推,,,,,,,,,,ID-801,,生活情境,ALG_L1,,PART_WHOLE,D2_FORWARD_MULTI,I1_SHALLOW,C3_CROSS_MODULE,Ch-A
KF-0189,全学段,课内,量与计量,时间单位,计算经过的时间(时分秒),计算经过的时间、时与分的进率等(L2),ID-202 [算理转化],,纯文本/算式,KP-0136|KP-0134|KP-0135,从结果反推,,,,,,,,,,ID-801,,生活情境,ALG_L2,,PART_WHOLE,D2_FORWARD_MULTI,I1_SHALLOW,C3_CROSS_MODULE,Ch-A
KF-0190,全学段,课内,量与计量,时间单位,计算经过的时间(年月日),大月与小月的特征、平年与闰年的特征(L2),ID-202 [算理转化],,纯文本/算式,KP-0204|KP-0205,从结果反推,,,,,,,,,,ID-801,,生活情境,ALG_L2,,PART_WHOLE,D2_FORWARD_MULTI,I1_SHALLOW,C2_INTRA_MODULE,Ch-A
KF-0191,全学段,课内,量与计量,时间单位,用24时计时法计算经过时间,24时计时法与普通计时法的转换、计算经过的时间(L4),ID-202 [算理转化],,纯文本/算式,KP-0206|KP-0136,直接给出隐含条件; 加入无关数据,,,,,,,,,,ID-801,,生活情境,ALG_L4,,PART_WHOLE,D3_FORWARD_MULTI,I1_SHALLOW,C2_INTRA_MODULE,Ch-A
KF-0192,全学段,课内,量与计量,时间单位,计算经过后的时间点,计算经过的时间、时与分的进率(L1),ID-202 [算理转化],,纯文本/算式,KP-0136|KP-0134,已知结果反求条件; 串联两步计算,,,,,,,,,,ID-801,,生活情境,ALG_L1,,PART_WHOLE,D1_FORWARD_SINGLE,I1_SHALLOW,C2_INTRA_MODULE,Ch-A
KF-0193,全学段,课内,量与计量,时间单位,根据作息时间表解决问题,24时计时法与普通计时法的转换、计算经过的时间(L2),ID-202 [算理转化],,纯文本/算式,KP-0206|KP-0136,从结果反推,,,,,,,,,,ID-801,,生活情境,ALG_L2,,PART_WHOLE,D2_FORWARD_MULTI,I1_SHALLOW,C2_INTRA_MODULE,Ch-A
KF-0194,全学段,课内,量与计量,时间单位,感知活动可能发生的时间,秒的认识、时与分的进率(L4),ID-602 [极值与估算],,纯文本/算式,KP-0133|KP-0134,直接给出隐含条件; 加入无关数据,,,,,,,,,,ID-801,,生活情境,ALG_L4,,PART_WHOLE,D3_FORWARD_MULTI,I1_SHALLOW,C2_INTRA_MODULE,Ch-A
KF-0195,全学段,课内,量与计量,时间单位,用闰年判断方法解决问题,平年与闰年的特征、大月与小月的特征(L4),ID-202 [算理转化],,纯文本/算式,KP-0205|KP-0204,直接给出隐含条件; 加入无关数据,,,,,,,,,,ID-801,,生活情境,ALG_L4,,PART_WHOLE,D3_FORWARD_MULTI,I1_SHALLOW,C2_INTRA_MODULE,Ch-A
KF-0196,全学段,课内,量与计量,长度单位,感知长度单位(填合适单位),厘米的认识、米的认识等(L4),ID-602 [极值与估算],,纯文本/算式,KP-0118|KP-0119|KP-0178|KP-0180,直接给出隐含条件; 加入无关数据,,,,,,,,,,ID-102,,纯文本/算式,ALG_L4,,LENGTH,D3_FORWARD_MULTI,I0_RAW,C3_CROSS_MODULE,Ch-A
KF-0197,全学段,课内,量与计量,长度单位,长度单位的估算,厘米的认识、米的认识等(L4),ID-602 [极值与估算],,纯文本/算式,KP-0118|KP-0119|KP-0180,直接给出隐含条件; 加入无关数据,,,,,,,,,,ID-102,,纯文本/算式,ALG_L4,,LENGTH,D3_FORWARD_MULTI,I0_RAW,C3_CROSS_MODULE,Ch-A
KF-0198,KF-0198-V1,低年级,课内,量与计量,长度单位,长度单位的计算(相邻单位),是,2,3,相邻长度单位的换算:米厘米毫米,KP-0120|KP-0181,,0.90|0.85,unit_conversion:KF-0198-V1,人教版,2,上,6,测量,2,米与厘米的进率,ID-102,ID-202,纯文本/算式,ALG_L2,从结果反推,LENGTH,D2_REVERSE_SINGLE,I0_RAW,C2_INTRA_MODULE,Ch-A
KF-0198,KF-0198-V2,中年级,课内,量与计量,长度单位,长度单位的计算(跨级单位),是,3,4,跨级长度单位的换算:加入千米,KP-0183|KP-0182,,0.90|0.85,unit_conversion:KF-0198-V1,人教版,3,上,3,测量,3,千米的认识,ID-102,ID-202,纯文本/算式,ALG_L3,千米米厘米混合换算,LENGTH,D2_REVERSE_SINGLE,I0_RAW,C2_INTRA_MODULE,Ch-A
KF-0199,KF-0199-V1,中年级,课内,量与计量,面积单位,面积单位的计算(相邻单位),是,4,相邻面积单位的换算:进率100,KP-0201,,0.95,unit_conversion:KF-0198-V1,人教版,4,下,5,面积,2,面积单位间的进率,ID-102,ID-202,纯文本/算式,ALG_L2,从结果反推,AREA,D2_REVERSE_SINGLE,I0_RAW,C1_SINGLE,Ch-A
KF-0199,KF-0199-V2,中年级,课内,量与计量,面积单位,面积单位的计算(跨级单位),是,5,跨级面积单位的换算:加入公顷平方千米,KP-0202|KP-0335,,0.90|0.85,unit_conversion:KF-0198-V1,人教版,5,上,2,多边形的面积,6,公顷和平方千米,ID-102,ID-202,纯文本/算式,ALG_L3,公顷平方千米平方米混合,AREA,D2_REVERSE_SINGLE,I0_RAW,C2_INTRA_MODULE,Ch-A
KF-0200,KF-0200-V1,高年级,课内,量与计量,体积单位,体积单位的计算(相邻单位),是,5,相邻体积单位的换算:进率1000,KP-0528,,0.95,unit_conversion:KF-0198-V1,人教版,5,下,3,长方体和正方体,4,体积单位间的进率,ID-102,ID-202,纯文本/算式,ALG_L2,从结果反推,VOLUME,D2_REVERSE_SINGLE,I0_RAW,C1_SINGLE,Ch-A
KF-0200,KF-0200-V2,高年级,课内,量与计量,体积单位,体积单位的计算(跨级单位+容积),是,5,6,体积容积单位混合换算:立方分米=升,KP-0390|KP-0388,,0.90|0.85,unit_conversion:KF-0198-V1,人教版,5,下,3,长方体和正方体,5,容积和容积单位,ID-102,ID-202,图文结合,ALG_L3,体积容积概念辨析,VOLUME,D2_REVERSE_SINGLE,I1_SHALLOW,C2_INTRA_MODULE,Ch-V
KF-0201,全学段,课内,量与计量,重量单位,重量单位的计算(含换算),千克与克的进率、吨与千克的进率(L2),ID-202 [算理转化],,纯文本/算式,KP-0129|KP-0185,从结果反推,,,,,,,,,,ID-102,,纯文本/算式,ALG_L2,,PART_WHOLE,D2_FORWARD_MULTI,I0_RAW,C2_INTRA_MODULE,Ch-A
KF-0202,全学段,课内,量与计量,人民币,人民币的计算(含换算),元角分的进率、人民币的加减计算(L2),ID-202 [算理转化],,纯文本/算式,KP-0472|KP-0473,从结果反推,,,,,,,,,,ID-102,,生活情境,ALG_L2,,PART_WHOLE,D2_FORWARD_MULTI,I1_SHALLOW,C2_INTRA_MODULE,Ch-A
KF-0203,全学段,课内,统计与概率,统计表,按给定标准分类计数,按不同标准分类分析(L2),ID-901 [组合枚举],,图文结合,KP-0139,从结果反推; 起始刻度非零,,,,,,,,,,ID-901,,图文结合,ALG_L2,,PART_WHOLE,D2_FORWARD_MULTI,I1_SHALLOW,C1_SINGLE,Ch-V
KF-0204,全学段,课内,统计与概率,统计表,用画正字的方法统计,按不同标准分类分析(L2),ID-901 [组合枚举],,图文结合,KP-0139,从结果反推; 起始刻度非零,,,,,,,,,,ID-901,,图文结合,ALG_L2,,PART_WHOLE,D2_FORWARD_MULTI,I1_SHALLOW,C1_SINGLE,Ch-V
KF-0205,全学段,课内,统计与概率,统计表,分段频次统计表,复式统计表的结构与读取、按不同标准分类分析(L2),ID-901 [组合枚举],,图文结合,KP-0140|KP-0139,从结果反推; 起始刻度非零,,,,,,,,,,ID-901,,图文结合,ALG_L2,,STATISTICS,D2_FORWARD_MULTI,I1_SHALLOW,C2_INTRA_MODULE,Ch-V
KF-0206,全学段,课内,统计与概率,统计表,根据统计图表解决问题,复式统计表的结构与读取、平均数的计算分析(L2),ID-401 [图解算理],,图文结合,KP-0140|KP-0307,从结果反推; 起始刻度非零,,,,,,,,,,ID-301,,图文结合,ALG_L2,,NUMBER_SYSTEM,D2_FORWARD_MULTI,I1_SHALLOW,C2_INTRA_MODULE,Ch-V
KF-0207,KF-0207-V1,中年级,课内,统计与概率,平均数,平均数的直观理解(移多补少),是,3,4,移多补少原理的直观操作:看图平均,KP-0306,,0.95,average_intuition:KF-0207-V1,人教版,4,下,8,平均数与条形统计图,1,平均数的意义,ID-301,ID-401,图文结合,ALG_L2,直观操作验证,STATISTICS,D2_FORWARD_MULTI,I1_SHALLOW,C1_SINGLE,Ch-V
KF-0207,KF-0207-V2,中年级,课内,统计与概率,平均数,已知平均数求未知数,是,4,5,平均数公式的逆向应用:代数推理,KP-0307|KP-0306,,0.90|0.85,average_intuition:KF-0207-V1,人教版,4,下,8,平均数与条形统计图,2,平均数的计算,ID-301,ID-501,纯文本/算式,ALG_L3,多步倒推|列方程,STATISTICS,D4_REVERSE_MULTI,I0_RAW,C2_INTRA_MODULE,Ch-A
KF-0208,KF-0208-V1,中年级,课内,统计与概率,平均数,用平均数比较数据的整体情况,否,4,5,平均数应用:比较数据集整体水平,KP-0307|KP-0306,,0.85|0.80,,人教版,4,下,8,平均数与条形统计图,3,平均数的应用,ID-301,ID-602,图文结合,ALG_L2,已知结果反求条件,STATISTICS,D2_REVERSE_SINGLE,I1_SHALLOW,C2_INTRA_MODULE,Ch-V
KF-0209,KF-0209-V1,低年级,课内,统计与概率,统计图,选择合适的统计图(条形统计图),是,2,3,数据量较小无趋势要求时选条形图,KP-0304|KP-0305,,0.85|0.80,chart_selection:KF-0209-V1,人教版,4,上,7,条形统计图,1,1格代表多个单位的条形统计图,ID-301,ID-401,图文结合,ALG_L3,直接给出隐含条件|加入无关数据,STATISTICS,D2_REVERSE_SINGLE,I2_HIDDEN,C2_INTRA_MODULE,Ch-V
KF-0210,KF-0210-V1,中年级,课内,统计与概率,统计图,选择合适的统计图(折线统计图),是,4,5,需展示数据变化趋势时选折线图,KP-0393|KP-0394,,0.90|0.85,chart_selection:KF-0209-V1,人教版,5,下,7,折线统计图,1,单式折线统计图,ID-301,ID-401,图文结合,ALG_L3,起始刻度非零|多组数据对比,STATISTICS,D2_REVERSE_SINGLE,I1_SHALLOW,C2_INTRA_MODULE,Ch-V
KF-0211,KF-0211-V1,高年级,课内,统计与概率,统计图,选择合适的统计图(扇形统计图),是,6,需展示数据占比关系时选扇形图,KP-0460|KP-0448,,0.95|0.85,chart_selection:KF-0209-V1,人教版,6,上,7,扇形统计图,1,扇形统计图的特征与意义,ID-301,ID-401,图文结合,ALG_L4,百分数换算|总体为100%,STATISTICS,D3_FORWARD_MULTI,I1_SHALLOW,C2_INTRA_MODULE,Ch-V
KF-0212,全学段,课内,统计与概率,统计图,根据数据绘制或补充统计图(表),1格代表多个单位的条形统计图、单式折线统计图等分析(L2),ID-401 [图解算理],,图文结合,KP-0304|KP-0393|KP-0140,从结果反推; 起始刻度非零,,,,,,,,,,ID-301,,图文结合,ALG_L2,,STATISTICS,D2_FORWARD_MULTI,I1_SHALLOW,C3_CROSS_MODULE,Ch-V
KF-0213,全学段,课内,统计与概率,计数,数直线上的线段,线段的直观特征、植树问题(L2),ID-901 [组合枚举],,图文结合,KP-0121|KP-0176,从结果反推,,,,,,,,,,ID-102,,生活情境,ALG_L2,,LENGTH,D2_FORWARD_MULTI,I1_SHALLOW,C2_INTRA_MODULE,Ch-A
KF-0214,全学段,课内,统计与概率,计数,数图形个数(有规律地数),找规律、加法结合律(L2),ID-901 [组合枚举],,图文结合,KP-0397|KP-0256,从结果反推,,,,,,,,,,ID-901,,纯文本/算式,ALG_L2,,PART_WHOLE,D2_FORWARD_MULTI,I0_RAW,C2_INTRA_MODULE,Ch-A
KF-0215,全学段,课内,统计与概率,计数,比赛场次(循环赛),搭配问题、组合型搭配(L2),ID-901 [组合枚举],,图文结合,KP-0510|KP-0511,从结果反推,,,,,,,,,,ID-901,,纯文本/算式,ALG_L2,,LOGIC,D2_FORWARD_MULTI,I0_RAW,C2_INTRA_MODULE,Ch-A
KF-0216,全学段,课内,统计与概率,搭配与枚举,有序搭配(衣服搭配类),搭配问题(L2),ID-901 [组合枚举],,图文结合,KP-0510,从结果反推,,,,,,,,,,ID-901,,纯文本/算式,ALG_L2,,LOGIC,D2_FORWARD_MULTI,I0_RAW,C1_SINGLE,Ch-A
KF-0217,全学段,课内,统计与概率,搭配与枚举,路线搭配(走法计数),搭配问题、加法原理等(L2),ID-901 [组合枚举],,图文结合,KP-0510|KP-0531|KP-0532,从结果反推,,,,,,,,,,ID-901,,纯文本/算式,ALG_L2,,PART_WHOLE,D2_FORWARD_MULTI,I0_RAW,C3_CROSS_MODULE,Ch-A
KF-0218,全学段,课内,统计与概率,搭配与枚举,排列(有序)与组合(无序)的区分,搭配问题、组合型搭配(L4),ID-901 [组合枚举],,图文结合,KP-0510|KP-0511,直接给出隐含条件; 加入无关数据,,,,,,,,,,ID-901,,纯文本/算式,ALG_L4,,LOGIC,D3_FORWARD_MULTI,I0_RAW,C2_INTRA_MODULE,Ch-A
KF-0219,全学段,课内,位置与方向,确定位置,根据空间方位描述确定位置(上下前后左右),上下前后的认识、左右的认识(L1),ID-401 [图解算理],,纯文本/算式,KP-0207|KP-0208,已知结果反求条件; 串联两步计算,,,,,,,,,,ID-401,,纯文本/算式,ALG_L1,,TRANSFORM,D1_FORWARD_SINGLE,I0_RAW,C2_INTRA_MODULE,Ch-A
KF-0220,全学段,课内,位置与方向,确定位置,用东南西北描述物体路线,东南西北的认识、东北/东南/西北/西南的认识(L2),ID-401 [图解算理],,纯文本/算式,KP-0209|KP-0210,从结果反推,,,,,,,,,,ID-401,,纯文本/算式,ALG_L2,,TRANSFORM,D2_FORWARD_MULTI,I0_RAW,C2_INTRA_MODULE,Ch-A
KF-0221,全学段,课内,位置与方向,确定位置,用方向和距离描述位置,用方向和距离确定位置、东南西北的认识(L1),ID-401 [图解算理],,纯文本/算式,KP-0459|KP-0209,已知结果反求条件; 串联两步计算,,,,,,,,,,ID-401,,纯文本/算式,ALG_L1,,TRANSFORM,D1_FORWARD_SINGLE,I0_RAW,C2_INTRA_MODULE,Ch-A
KF-0222,全学段,课内,位置与方向,确定位置,根据方向和角度确定位置,用方向和距离确定位置、角的度量方法(L4),ID-401 [图解算理],,纯文本/算式,KP-0459|KP-0282,直接给出隐含条件; 加入无关数据,,,,,,,,,,ID-401,,纯文本/算式,ALG_L4,,TRANSFORM,D3_FORWARD_MULTI,I0_RAW,C2_INTRA_MODULE,Ch-A
KF-0223,全学段,课内,位置与方向,确定位置,用数对确定位置(方格纸),用数对确定位置(L3),ID-401 [图解算理],,图文结合,KP-0391,纯数值计算; 图中信息不完整,,,,,,,,,,ID-401,,纯文本/算式,ALG_L3,,TRANSFORM,D2_REVERSE_SINGLE,I0_RAW,C1_SINGLE,Ch-A
KF-0224,全学段,课内,逻辑与策略,游戏策略,合理安排时间(家务并行),沏茶问题、计算经过的时间(L2),ID-1001 [时间统筹],,纯文本/算式,KP-0512|KP-0136,从结果反推; 从必胜态倒推,,,,,,,,,,ID-1001,,生活情境,ALG_L2,,OPTIMIZATION,D2_FORWARD_MULTI,I1_SHALLOW,C2_INTRA_MODULE,Ch-A
KF-0225,全学段,课内,逻辑与策略,游戏策略,合理安排时间(烙饼问题),沏茶问题、计算经过的时间(L2),ID-1001 [时间统筹],,纯文本/算式,KP-0512|KP-0136,从结果反推; 从必胜态倒推,,,,,,,,,,ID-1001,,生活情境,ALG_L2,,OPTIMIZATION,D2_FORWARD_MULTI,I1_SHALLOW,C2_INTRA_MODULE,Ch-A
KF-0226,全学段,课内,逻辑与策略,游戏策略,简单逻辑推理(3-4元素排除法),逻辑推理、按不同标准分类(L2),ID-901 [组合枚举],,纯文本/算式,KP-0515|KP-0139,从结果反推; 从必胜态倒推,,,,,,,,,,ID-1002,,纯文本/算式,ALG_L2,,LOGIC,D2_FORWARD_MULTI,I0_RAW,C2_INTRA_MODULE,Ch-A
KF-0227,全学段,课内,逻辑与策略,游戏策略,天平找次品,找次品(L2),ID-602 [极值与估算]; ID-1001 [时间统筹],,纯文本/算式,KP-0517,从结果反推; 从必胜态倒推,,,,,,,,,,ID-1002,,纯文本/算式,ALG_L2,,LOGIC,D2_FORWARD_MULTI,I0_RAW,C1_SINGLE,Ch-A
KF-0228,全学段,课内,逻辑与策略,游戏策略,田忌赛马(对策优化),田忌赛马(L5),ID-1002 [策略博弈],,纯文本/算式,KP-0513,从结果反推; 从必胜态倒推,,,,,,,,,,ID-1002,,纯文本/算式,ALG_L5,,OPTIMIZATION,D4_REVERSE_MULTI,I0_RAW,C1_SINGLE,Ch-A
KF-0229,全学段,课内,逻辑与策略,游戏策略,抽屉原理(最不利原则),抽屉原理的认识(L4),ID-1101 [最不利原则],,纯文本/算式,KP-0465,直接给出隐含条件; 加入无关数据; 从必胜态倒推,,,,,,,,,,ID-1002,,纯文本/算式,ALG_L4,,LOGIC,D3_FORWARD_MULTI,I0_RAW,C1_SINGLE,Ch-A
KF-0230,全学段,课内,逻辑与策略,编码问题,解读编码(数字字母组合),数字编码问题、亿以内数的计数单位与数位顺序(L4),ID-901 [组合枚举],,纯文本/算式,KP-0518|KP-0224,直接给出隐含条件; 加入无关数据,,,,,,,,,,ID-901,,纯文本/算式,ALG_L4,,NUMBER_SYSTEM,D3_FORWARD_MULTI,I0_RAW,C2_INTRA_MODULE,Ch-A
KF-0231,全学段,课内,逻辑与策略,排除干扰,排除干扰条件解决问题,含小括号的混合运算(L4),ID-602 [极值与估算],,纯文本/算式,KP-0100,,,,,,,,,,,ID-402,,纯文本/算式,ALG_L4,,PART_WHOLE,D3_FORWARD_MULTI,I0_RAW,C1_SINGLE,Ch-A
KF-0232,全学段,课内,逻辑与策略,线段图,用线段图分析数量关系,线段的直观特征、比多比少问题等(L3),ID-402 [线段图模],,图文结合,KP-0121|KP-0083|KP-0085,纯数值计算; 图中信息不完整,,,,,,,,,,ID-401,,纯文本/算式,ALG_L3,,CHANGE,D2_REVERSE_SINGLE,I0_RAW,C3_CROSS_MODULE,Ch-A
KF-0233,全学段,课内,数与代数,找规律,数列规律(等差型),找规律、100以内的加减混合计算运算(L2),ID-403 [数阵规律],,纯文本/算式,KP-0397|KP-0082,从结果反推; 已知第n项求n,,,,,,,,,,ID-403,,纯文本/算式,ALG_L2,,PART_WHOLE,D2_FORWARD_MULTI,I0_RAW,C2_INTRA_MODULE,Ch-A
KF-0234,全学段,课内,数与代数,找规律,数列规律(递推型),找规律、100以内的加减混合计算运算(L2),ID-403 [数阵规律],,纯文本/算式,KP-0397|KP-0082,从结果反推; 已知第n项求n,,,,,,,,,,ID-403,,纯文本/算式,ALG_L3,,PART_WHOLE,D2_REVERSE_SINGLE,I0_RAW,C2_INTRA_MODULE,Ch-A
KF-0235,全学段,课内,数与代数,找规律,数列规律(周期型),周期问题、有余数除法的竖式计算运算(L2),ID-801 [循环周期],,纯文本/算式,KP-0398|KP-0104,从结果反推; 已知第n项求n,,,,,,,,,,ID-801,,纯文本/算式,ALG_L2,,EQUAL_GROUP,D2_FORWARD_MULTI,I0_RAW,C2_INTRA_MODULE,Ch-A
KF-0236,全学段,课内,数与代数,找规律,图形数量规律(递增排列),找规律运算(L2),ID-403 [数阵规律],,图文结合,KP-0397,从结果反推; 已知第n项求n,,,,,,,,,,ID-403,,纯文本/算式,ALG_L2,,CYCLE,D2_FORWARD_MULTI,I0_RAW,C1_SINGLE,Ch-A
KF-0237,全学段,课内,数与代数,找规律,图形循环排列规律,周期问题、有余数除法的竖式计算运算(L2),ID-801 [循环周期],,图文结合,KP-0398|KP-0104,从结果反推; 已知第n项求n,,,,,,,,,,ID-801,,纯文本/算式,ALG_L2,,EQUAL_GROUP,D2_FORWARD_MULTI,I0_RAW,C2_INTRA_MODULE,Ch-A
KF-0238,全学段,课内,数与代数,等量代换,天平等量代换(简单替换),等量代换(L2),ID-501 [等量代换],,纯文本/算式,KP-0514,从结果反推; 三层传递链,,,,,,,,,,ID-501,,纯文本/算式,ALG_L2,,CHANGE,D2_FORWARD_MULTI,I0_RAW,C1_SINGLE,Ch-A
KF-0239,全学段,课内,数与代数,等量代换,连锁等量代换(A→B→C传递),等量代换(L2),ID-501 [等量代换],,纯文本/算式,KP-0514,从结果反推; 三层传递链,,,,,,,,,,ID-501,,纯文本/算式,ALG_L2,,CHANGE,D2_FORWARD_MULTI,I0_RAW,C1_SINGLE,Ch-A
KF-0240,课外培优,课外,典型应用题,植树问题,两端都栽(直线),植树问题(基础应用L2),ID-102 [点段对应],ID-401 [图解算理],纯文本/算式,KP-0176,,,,,,,,,,,ID-102,,生活情境,ALG_L2,,CYCLE,D2_FORWARD_MULTI,I1_SHALLOW,C1_SINGLE,Ch-A
KF-0241,课外培优,课外,典型应用题,植树问题,一端栽(直线),植树问题(多步综合L4),ID-102 [点段对应],ID-401 [图解算理],纯文本/算式,KP-0176,直接给出隐含条件; 加入无关数据,,,,,,,,,,ID-102,,生活情境,ALG_L4,,CYCLE,D3_FORWARD_MULTI,I1_SHALLOW,C1_SINGLE,Ch-A
KF-0242,课外培优,课外,典型应用题,植树问题,环形栽树,植树问题(多步综合L4),ID-102 [点段对应],ID-401 [图解算理],纯文本/算式,KP-0176,直接给出隐含条件; 加入无关数据,,,,,,,,,,ID-102,,生活情境,ALG_L4,,CYCLE,D3_FORWARD_MULTI,I1_SHALLOW,C1_SINGLE,Ch-A
KF-0243,课外培优,课外,典型应用题,植树问题,两端都不栽(直线),植树问题(多步综合L4),ID-102 [点段对应],ID-401 [图解算理],纯文本/算式,KP-0176,直接给出隐含条件; 加入无关数据,,,,,,,,,,ID-102,,生活情境,ALG_L4,,CYCLE,D3_FORWARD_MULTI,I1_SHALLOW,C1_SINGLE,Ch-A
KF-0244,课外培优,课外,典型应用题,植树问题,锯木头问题,植树问题(多步综合L4),ID-102 [点段对应],ID-401 [图解算理],纯文本/算式,KP-0176,直接给出隐含条件; 加入无关数据,,,,,,,,,,ID-102,,生活情境,ALG_L4,,CYCLE,D3_FORWARD_MULTI,I1_SHALLOW,C1_SINGLE,Ch-A
KF-0245,课外培优,课外,典型应用题,鸡兔同笼,列表枚举法,鸡兔同笼问题、含小括号的混合运算(基础应用L2),ID-901 [组合枚举],ID-502 [设元列式],纯文本/算式,KP-0242|KP-0100,从结果反推,,,,,,,,,,ID-104,,纯文本/算式,ALG_L2,,LOGIC,D2_FORWARD_MULTI,I0_RAW,C2_INTRA_MODULE,Ch-A
KF-0246,课外培优,课外,典型应用题,鸡兔同笼,假设法(全假设为鸡),鸡兔同笼问题、含小括号的混合运算(多步综合L4),ID-104 [假设对应],ID-701 [步骤倒推]; ID-502 [设元列式],纯文本/算式,KP-0242|KP-0100,加入过程变化,,,,,,,,,,ID-104,,纯文本/算式,ALG_L4,,LOGIC,D3_FORWARD_MULTI,I0_RAW,C2_INTRA_MODULE,Ch-A
KF-0247,课外培优,课外,典型应用题,鸡兔同笼,假设法(全假设为兔),鸡兔同笼问题、含小括号的混合运算(多步综合L4),ID-104 [假设对应],ID-701 [步骤倒推]; ID-502 [设元列式],纯文本/算式,KP-0242|KP-0100,加入过程变化,,,,,,,,,,ID-104,,纯文本/算式,ALG_L4,,LOGIC,D3_FORWARD_MULTI,I0_RAW,C2_INTRA_MODULE,Ch-A
KF-0248,课外培优,课外,典型应用题,容斥原理,两个集合的容斥(韦恩图),集合的初步认识、合并模型(L4),ID-301 [集合容斥],ID-401 [图解算理],图文结合,KP-0141|KP-0044,直接给出隐含条件; 加入无关数据,,,,,,,,,,ID-301,,纯文本/算式,ALG_L4,,LOGIC,D3_FORWARD_MULTI,I0_RAW,C2_INTRA_MODULE,Ch-A
KF-0249,课外培优,课外,典型应用题,容斥原理,直线型重叠(木板钉接),集合的初步认识、合并模型(L4),ID-302 [线性重叠],ID-401 [图解算理],纯文本/算式,KP-0141|KP-0044,直接给出隐含条件; 加入无关数据,,,,,,,,,,ID-301,,纯文本/算式,ALG_L4,,LOGIC,D3_FORWARD_MULTI,I0_RAW,C2_INTRA_MODULE,Ch-A
KF-0250,课外培优,课外,典型应用题,容斥原理,三集合容斥,集合的初步认识、合并模型(L4),ID-301 [集合容斥],ID-401 [图解算理],纯文本/算式,KP-0141|KP-0044,直接给出隐含条件; 加入无关数据,,,,,,,,,,ID-301,,纯文本/算式,ALG_L4,,LOGIC,D3_FORWARD_MULTI,I0_RAW,C2_INTRA_MODULE,Ch-A
KF-0251,课外培优,课外,典型应用题,行程问题,基础相遇(求总路程),行程问题基本数量关系(基础应用L2),ID-203 [模型转化],ID-103 [单总对应],生活情境,KP-0466,从结果反推; 火车过桥/桥长+车长,,,,,,,,,,ID-203,,生活情境,ALG_L2,,CHANGE,D2_FORWARD_MULTI,I1_SHALLOW,C1_SINGLE,Ch-A
KF-0252,课外培优,课外,典型应用题,行程问题,基础追及(求追及时间),行程问题基本数量关系、比多比少问题(多步综合L4),ID-203 [模型转化],ID-701 [步骤倒推]; ID-103 [单总对应],生活情境,KP-0466|KP-0085,加入过程变化; 火车过桥/桥长+车长,,,,,,,,,,ID-203,,生活情境,ALG_L2,,RATIO,D2_FORWARD_MULTI,I1_SHALLOW,C2_INTRA_MODULE,Ch-A
KF-0253,课外培优,课外,典型应用题,行程问题,火车过桥(单车),行程问题基本数量关系、长方体的棱长和(多步综合L4),ID-203 [模型转化],ID-103 [单总对应],纯文本/算式,KP-0466|KP-0382,直接给出隐含条件; 加入无关数据; 火车过桥/桥长+车长,,,,,,,,,,ID-203,,生活情境,ALG_L4,,VOLUME,D3_FORWARD_MULTI,I1_SHALLOW,C2_INTRA_MODULE,Ch-A
KF-0254,课外培优,课外,典型应用题,行程问题,流水行船(求顺流速度),行程问题基本数量关系、合并模型(多步综合L4),ID-203 [模型转化],ID-103 [单总对应],纯文本/算式,KP-0466|KP-0044,直接给出隐含条件; 加入无关数据; 火车过桥/桥长+车长,,,,,,,,,,ID-203,,生活情境,ALG_L4,,CHANGE,D3_FORWARD_MULTI,I1_SHALLOW,C2_INTRA_MODULE,Ch-A
KF-0255,课外培优,课外,典型应用题,行程问题,流水行船(求逆流速度),行程问题基本数量关系、去掉模型(多步综合L4),ID-203 [模型转化],ID-103 [单总对应],纯文本/算式,KP-0466|KP-0045,直接给出隐含条件; 加入无关数据; 火车过桥/桥长+车长,,,,,,,,,,ID-203,,生活情境,ALG_L4,,CHANGE,D3_FORWARD_MULTI,I1_SHALLOW,C2_INTRA_MODULE,Ch-A
KF-0256,课外培优,课外,典型应用题,行程问题,流水行船(求静水速度),行程问题基本数量关系、和差问题(逆向求解L3),ID-203 [模型转化],ID-103 [单总对应],纯文本/算式,KP-0466|KP-0156,多步倒推; 火车过桥/桥长+车长,,,,,,,,,,ID-203,,生活情境,ALG_L3,,CHANGE,D2_REVERSE_SINGLE,I1_SHALLOW,C2_INTRA_MODULE,Ch-A
KF-0257,课外培优,课外,典型应用题,行程问题,环形跑道相遇,行程问题基本数量关系、圆的周长计算(多步综合L4),ID-203 [模型转化],ID-103 [单总对应],生活情境,KP-0466|KP-0441,直接给出隐含条件; 加入无关数据; 火车过桥/桥长+车长,,,,,,,,,,ID-201,,图文结合,ALG_L4,,LENGTH,D3_FORWARD_MULTI,I1_SHALLOW,C2_INTRA_MODULE,Ch-V
KF-0258,课外培优,课外,典型应用题,行程问题,环形跑道追及,行程问题基本数量关系、圆的周长计算(多步综合L4),ID-203 [模型转化],ID-103 [单总对应],生活情境,KP-0466|KP-0441,直接给出隐含条件; 加入无关数据; 火车过桥/桥长+车长,,,,,,,,,,ID-201,,图文结合,ALG_L4,,LENGTH,D3_FORWARD_MULTI,I1_SHALLOW,C2_INTRA_MODULE,Ch-V
KF-0259,课外培优,课外,典型应用题,行程问题,时钟追及问题(求重合时间),行程问题基本数量关系、钟面的认识(多步综合L5),ID-203 [模型转化],ID-103 [单总对应],生活情境,KP-0466|KP-0467,直接给出隐含条件; 加入无关数据; 火车过桥/桥长+车长,,,,,,,,,,ID-203,,生活情境,ALG_L5,,CHANGE,D4_REVERSE_MULTI,I1_SHALLOW,C2_INTRA_MODULE,Ch-A
KF-0260,课外培优,课外,典型应用题,行程问题,时钟角度问题(求某时刻夹角),角的度量方法、钟面的认识(基础应用L2),ID-203 [模型转化],ID-103 [单总对应],纯文本/算式,KP-0282|KP-0467,从结果反推; 火车过桥/桥长+车长,,,,,,,,,,ID-203,,生活情境,ALG_L3,,LENGTH,D2_REVERSE_SINGLE,I1_SHALLOW,C2_INTRA_MODULE,Ch-A
KF-0261,课外培优,课外,典型应用题,行程问题,怪钟问题(快钟慢钟),行程问题基本数量关系、正比例的意义(多步综合L4),ID-203 [模型转化],ID-103 [单总对应],纯文本/算式,KP-0466|KP-0419,直接给出隐含条件; 加入无关数据; 火车过桥/桥长+车长,,,,,,,,,,ID-203,,生活情境,ALG_L4,,RATIO,D3_FORWARD_MULTI,I1_SHALLOW,C2_INTRA_MODULE,Ch-A
KF-0262,课外培优,课外,典型应用题,还原问题,倒推法求原数,还原问题、含小括号的混合运算(L4),ID-701 [步骤倒推],,纯文本/算式,KP-0177|KP-0100,加入过程变化,,,,,,,,,,ID-701,,纯文本/算式,ALG_L4,,CHANGE,D3_FORWARD_MULTI,I0_RAW,C2_INTRA_MODULE,Ch-A
KF-0263,课外培优,课外,典型应用题,周期问题,彩灯循环规律,周期问题、有余数除法的竖式计算(L4),ID-801 [循环周期],ID-202 [算理转化],纯文本/算式,KP-0398|KP-0104,直接给出隐含条件; 加入无关数据,,,,,,,,,,ID-801,,纯文本/算式,ALG_L4,,EQUAL_GROUP,D3_FORWARD_MULTI,I0_RAW,C2_INTRA_MODULE,Ch-A
KF-0264,课外培优,课外,典型应用题,周期问题,图形循环规律,周期问题、有余数除法的竖式计算(L4),ID-801 [循环周期],ID-202 [算理转化],图文结合,KP-0398|KP-0104,直接给出隐含条件; 加入无关数据,,,,,,,,,,ID-801,,纯文本/算式,ALG_L4,,EQUAL_GROUP,D3_FORWARD_MULTI,I0_RAW,C2_INTRA_MODULE,Ch-A
KF-0265,课外培优,课外,典型应用题,周期问题,星期推算问题,周期问题、有余数除法的竖式计算等(L4),ID-801 [循环周期],ID-202 [算理转化],纯文本/算式,KP-0398|KP-0104|KP-0204,直接给出隐含条件; 加入无关数据,,,,,,,,,,ID-801,,纯文本/算式,ALG_L4,,EQUAL_GROUP,D3_FORWARD_MULTI,I0_RAW,C3_CROSS_MODULE,Ch-A
KF-0266,课外培优,课外,典型应用题,同余问题,物不知数问题(多次分配有余),有余数除法的竖式计算、余数与除数的关系等(L4),ID-801 [循环周期],ID-202 [算理转化],纯文本/算式,KP-0104|KP-0102|KP-0351,直接给出隐含条件; 加入无关数据,,,,,,,,,,ID-801,,纯文本/算式,ALG_L4,,CYCLE,D3_FORWARD_MULTI,I0_RAW,C3_CROSS_MODULE,Ch-A
KF-0267,课外培优,课外,典型应用题,盈亏问题,盈亏问题(两次分配求人数),比多比少问题、平均分的意义(多步综合L4),ID-104 [假设对应],ID-701 [步骤倒推]; ID-501 [等量代换],生活情境,KP-0085|KP-0091,加入过程变化,,,,,,,,,,ID-104,,纯文本/算式,ALG_L4,,CHANGE,D3_FORWARD_MULTI,I0_RAW,C2_INTRA_MODULE,Ch-A
KF-0268,课外培优,课外,典型应用题,盈亏问题,盈亏问题(两次分配求物数),比多比少问题、平均分的意义(多步综合L4),ID-104 [假设对应],ID-701 [步骤倒推]; ID-501 [等量代换],生活情境,KP-0085|KP-0091,加入过程变化,,,,,,,,,,ID-104,,纯文本/算式,ALG_L4,,CHANGE,D3_FORWARD_MULTI,I0_RAW,C2_INTRA_MODULE,Ch-A
KF-0269,课外培优,课外,典型应用题,年龄问题,年龄差不变求现在年龄,比多比少问题、和差问题(多步综合L4),ID-203 [模型转化]; ID-402 [线段图模],,生活情境,KP-0085|KP-0156,直接给出隐含条件; 加入无关数据,,,,,,,,,,ID-402,,纯文本/算式,ALG_L4,,CHANGE,D3_FORWARD_MULTI,I0_RAW,C2_INTRA_MODULE,Ch-A
KF-0270,课外培优,课外,典型应用题,年龄问题,年龄倍数变化求某时年龄,倍的直观概念、和差问题等(多步综合L4),ID-203 [模型转化]; ID-402 [线段图模],,生活情境,KP-0157|KP-0156|KP-0158,直接给出隐含条件; 加入无关数据,,,,,,,,,,ID-402,,纯文本/算式,ALG_L4,,CHANGE,D3_FORWARD_MULTI,I0_RAW,C3_CROSS_MODULE,Ch-A
KF-0271,课外培优,课外,典型应用题,浓度问题,混合两种溶液求浓度,浓度问题、百分数的意义与读写等(基础应用L2),ID-101 [量率对应],ID-203 [模型转化],生活情境,KP-0434|KP-0427|KP-0370,从结果反推,,,,,,,,,,ID-101,,生活情境,ALG_L2,,NUMBER_SYSTEM,D2_FORWARD_MULTI,I1_SHALLOW,C3_CROSS_MODULE,Ch-A
KF-0272,课外培优,课外,典型应用题,浓度问题,蒸发水分求浓度变化,浓度问题、百分数的意义与读写(基础应用L2),ID-101 [量率对应],ID-203 [模型转化],生活情境,KP-0434|KP-0427,从结果反推,,,,,,,,,,ID-101,,生活情境,ALG_L2,,NUMBER_SYSTEM,D2_FORWARD_MULTI,I1_SHALLOW,C2_INTRA_MODULE,Ch-A
KF-0273,课外培优,课外,典型应用题,浓度问题,加水求浓度变化,浓度问题、百分数的意义与读写(基础应用L2),ID-101 [量率对应],ID-203 [模型转化],生活情境,KP-0434|KP-0427,从结果反推,,,,,,,,,,ID-101,,生活情境,ALG_L2,,NUMBER_SYSTEM,D2_FORWARD_MULTI,I1_SHALLOW,C2_INTRA_MODULE,Ch-A
KF-0274,课外培优,课外,典型应用题,浓度问题,加盐求浓度变化,浓度问题、百分数的意义与读写(基础应用L2),ID-101 [量率对应],ID-203 [模型转化],生活情境,KP-0434|KP-0427,从结果反推,,,,,,,,,,ID-101,,生活情境,ALG_L2,,NUMBER_SYSTEM,D2_FORWARD_MULTI,I1_SHALLOW,C2_INTRA_MODULE,Ch-A
KF-0275,课外培优,课外,典型应用题,方阵问题,实心方阵(求总人数),两位数乘两位数、正方形面积的计算(L1),ID-403 [数阵规律],ID-901 [组合枚举],表格/阵列,KP-0195|KP-0200,已知结果反求条件; 串联两步计算,,,,,,,,,,ID-201,,图文结合,ALG_L1,,AREA,D1_FORWARD_SINGLE,I1_SHALLOW,C2_INTRA_MODULE,Ch-V
KF-0276,课外培优,课外,典型应用题,方阵问题,空心方阵(求外圈人数),正方形周长的计算、两位数乘两位数(L4),ID-403 [数阵规律],ID-901 [组合枚举],表格/阵列,KP-0192|KP-0195,直接给出隐含条件; 加入无关数据,,,,,,,,,,ID-201,,图文结合,ALG_L4,,LENGTH,D3_FORWARD_MULTI,I1_SHALLOW,C2_INTRA_MODULE,Ch-V
KF-0277,课外培优,课外,典型应用题,方阵问题,已知外圈人数求每边人数,正方形周长的计算、植树问题(L3),ID-403 [数阵规律],ID-901 [组合枚举],纯文本/算式,KP-0192|KP-0176,多步倒推,,,,,,,,,,ID-201,,图文结合,ALG_L3,,LENGTH,D2_REVERSE_SINGLE,I1_SHALLOW,C2_INTRA_MODULE,Ch-V
KF-0278,课外培优,课外,典型应用题,牛吃草问题,牛吃草(经典型：草量恒速增长),行程问题基本数量关系、解形如ax±bx=c的方程(多步综合L5),ID-203 [模型转化],ID-502 [设元列式],生活情境,KP-0466|KP-0336,直接给出隐含条件; 加入无关数据,,,,,,,,,,ID-203,,生活情境,ALG_L5,,CHANGE,D4_REVERSE_MULTI,I1_SHALLOW,C2_INTRA_MODULE,Ch-A
KF-0279,课外培优,课外,典型应用题,牛吃草问题,牛吃草(草量衰减型),行程问题基本数量关系、解形如ax±bx=c的方程(多步综合L5),ID-203 [模型转化],ID-502 [设元列式],生活情境,KP-0466|KP-0336,直接给出隐含条件; 加入无关数据,,,,,,,,,,ID-203,,生活情境,ALG_L5,,CHANGE,D4_REVERSE_MULTI,I1_SHALLOW,C2_INTRA_MODULE,Ch-A
KF-0280,课外培优,课外,典型应用题,牛吃草问题,牛吃草(多块草地型),行程问题基本数量关系、解形如ax±bx=c的方程(多步综合L5),ID-203 [模型转化],ID-502 [设元列式],生活情境,KP-0466|KP-0336,从结果反推,,,,,,,,,,ID-203,,生活情境,ALG_L5,,CHANGE,D4_REVERSE_MULTI,I1_SHALLOW,C2_INTRA_MODULE,Ch-A
KF-0281,课外培优,课外,典型应用题,数码问题,页码计数(求n页共用多少数码),100以内数的读写、亿以内数的计数单位与数位顺序(L2),ID-901 [组合枚举],,纯文本/算式,KP-0049|KP-0224,从结果反推,,,,,,,,,,ID-901,,纯文本/算式,ALG_L2,,NUMBER_SYSTEM,D2_FORWARD_MULTI,I0_RAW,C2_INTRA_MODULE,Ch-A
KF-0282,课外培优,课外,典型应用题,数码问题,数码反求(已知数码个数求页数),100以内数的读写、亿以内数的计数单位与数位顺序(L4),ID-901 [组合枚举],ID-701 [步骤倒推],纯文本/算式,KP-0049|KP-0224,加入过程变化,,,,,,,,,,ID-901,,纯文本/算式,ALG_L4,,NUMBER_SYSTEM,D3_FORWARD_MULTI,I0_RAW,C2_INTRA_MODULE,Ch-A
KF-0283,课外培优,课外,典型应用题,分数应用题,巧设单位1(非显式给出),寻找单位1的方法、分数中的量与率辨析等(多步综合L5),ID-101 [量率对应],ID-402 [线段图模],生活情境,KP-0354|KP-0412|KP-0351,静态描述; 加入无关动态过程; 分数+比例混合,,,,,,,,,,ID-101,,生活情境,ALG_L5,,RATIO,D4_REVERSE_MULTI,I1_SHALLOW,C3_CROSS_MODULE,Ch-A
KF-0284,课外培优,课外,典型应用题,比例综合,杠杆平衡问题(反比例情境),反比例的意义、反比例解题(L4),ID-203 [模型转化],,纯文本/算式,KP-0421|KP-0425,直接给出隐含条件; 加入无关数据,,,,,,,,,,ID-101,,纯文本/算式,ALG_L4,,RATIO,D3_FORWARD_MULTI,I0_RAW,C2_INTRA_MODULE,Ch-A
KF-0285,课外培优,课外,典型应用题,比例综合,影子比例问题(正比例情境),正比例的意义、正比例解题(L4),ID-203 [模型转化],,纯文本/算式,KP-0419|KP-0424,直接给出隐含条件; 加入无关数据,,,,,,,,,,ID-101,,纯文本/算式,ALG_L4,,RATIO,D3_FORWARD_MULTI,I0_RAW,C2_INTRA_MODULE,Ch-A
KF-0286,课外培优,课外,典型应用题,牛奶兑水问题,牛奶喝完或喝两次以内,浓度问题、分数乘分数的计算(L2),ID-101 [量率对应],,纯文本/算式,KP-0434|KP-0403,从结果反推,,,,,,,,,,ID-101,,生活情境,ALG_L2,,CHANGE,D2_FORWARD_MULTI,I1_SHALLOW,C2_INTRA_MODULE,Ch-A
KF-0287,课外培优,课外,数与代数,数的性质,两数积=最小公倍数×最大公因数,求最大公因数、求最小公倍数等(L4),ID-202 [算理转化],ID-602 [极值与估算],纯文本/算式,KP-0350|KP-0351|KP-0339,直接给出隐含条件; 加入无关数据,,,,,,,,,,ID-602,,纯文本/算式,ALG_L4,,NUMBER_SYSTEM,D3_FORWARD_MULTI,I0_RAW,C3_CROSS_MODULE,Ch-A
KF-0288,课外培优,课外,数与代数,数字谜,加法竖式数字谜(填数推理),两位数加两位数、三位数加三位数运算(L5),ID-901 [组合枚举],ID-701 [步骤倒推]; ID-202 [算理转化],纯文本/算式,KP-0073|KP-0148,加入过程变化,,,,,,,,,,ID-901,,纯文本/算式,ALG_L5,,LOGIC,D4_REVERSE_MULTI,I0_RAW,C2_INTRA_MODULE,Ch-A
KF-0289,课外培优,课外,数与代数,数字谜,减法竖式数字谜(填数推理),两位数减两位数、三位数减三位数运算(L5),ID-901 [组合枚举],ID-701 [步骤倒推]; ID-202 [算理转化],纯文本/算式,KP-0075|KP-0152,加入过程变化,,,,,,,,,,ID-901,,纯文本/算式,ALG_L5,,LOGIC,D4_REVERSE_MULTI,I0_RAW,C2_INTRA_MODULE,Ch-A
KF-0290,课外培优,课外,数与代数,数字谜,乘法竖式数字谜(填数推理),两位数乘两位数、多位数乘一位数运算(L5),ID-901 [组合枚举],ID-701 [步骤倒推]; ID-202 [算理转化],纯文本/算式,KP-0195|KP-0163,加入过程变化,,,,,,,,,,ID-901,,纯文本/算式,ALG_L5,,LOGIC,D4_REVERSE_MULTI,I0_RAW,C2_INTRA_MODULE,Ch-A
KF-0291,课外培优,课外,数与代数,数字谜,除法竖式数字谜(填数推理),除数是两位数、有余数除法的竖式计算运算(L5),ID-901 [组合枚举],ID-701 [步骤倒推]; ID-202 [算理转化],纯文本/算式,KP-0252|KP-0104,加入过程变化,,,,,,,,,,ID-801,,纯文本/算式,ALG_L5,,LOGIC,D4_REVERSE_MULTI,I0_RAW,C2_INTRA_MODULE,Ch-A
KF-0292,课外培优,课外,数与代数,数字谜,横式数字谜(ABC+CBA型),两位数加两位数、三位数加三位数运算(L5),ID-901 [组合枚举],ID-701 [步骤倒推]; ID-202 [算理转化],纯文本/算式,KP-0073|KP-0147,加入过程变化,,,,,,,,,,ID-901,,纯文本/算式,ALG_L5,,LOGIC,D4_REVERSE_MULTI,I0_RAW,C2_INTRA_MODULE,Ch-A
KF-0293,课外培优,课外,数与代数,数字谜,幻方(三阶行列对角线和相等),合并模型、6~10的加法运算(L4),ID-403 [数阵规律],ID-701 [步骤倒推]; ID-202 [算理转化],纯文本/算式,KP-0044|KP-0019,加入过程变化,,,,,,,,,,ID-901,,纯文本/算式,ALG_L4,,PART_WHOLE,D3_FORWARD_MULTI,I0_RAW,C2_INTRA_MODULE,Ch-A
KF-0294,课外培优,课外,数与代数,定义新运算,理解新定义后代入计算,含小括号的混合运算、用字母表示数量关系运算(L4),ID-202 [算理转化],,纯文本/算式,KP-0100|KP-0326,直接给出隐含条件; 加入无关数据,,,,,,,,,,ID-202,,纯文本/算式,ALG_L4,,LOGIC,D3_FORWARD_MULTI,I0_RAW,C2_INTRA_MODULE,Ch-A
KF-0295,课外培优,课外,数与代数,定义新运算,定义新运算的反解(已知结果求输入),用字母表示数量关系、解形如ax±b=c的方程运算(L4),ID-202 [算理转化],ID-701 [步骤倒推],纯文本/算式,KP-0326|KP-0335,加入过程变化,,,,,,,,,,ID-502,,纯文本/算式,ALG_L4,,LOGIC,D3_FORWARD_MULTI,I0_RAW,C2_INTRA_MODULE,Ch-A
KF-0296,课外培优,课外,数与代数,巧算,巧填算符(24点游戏),含小括号的混合运算、乘加乘减混合计算运算(L4),ID-901 [组合枚举],ID-701 [步骤倒推],纯文本/算式,KP-0100|KP-0090,加入过程变化,,,,,,,,,,ID-202,,纯文本/算式,ALG_L4,,LOGIC,D3_FORWARD_MULTI,I0_RAW,C2_INTRA_MODULE,Ch-A
KF-0297,课外培优,课外,数与代数,巧算,整数裂项求和,加法结合律、分数与除法的关系运算(L4),ID-202 [算理转化],,纯文本/算式,KP-0256|KP-0355,直接给出隐含条件; 加入无关数据,,,,,,,,,,ID-202,,纯文本/算式,ALG_L4,,EQUAL_GROUP,D3_FORWARD_MULTI,I0_RAW,C2_INTRA_MODULE,Ch-A
KF-0298,课外培优,课外,数与代数,巧算,分数裂项求和,异分母分数加减法、分数加减混合运算(L4),ID-202 [算理转化],,纯文本/算式,KP-0367|KP-0370,直接给出隐含条件; 加入无关数据,,,,,,,,,,ID-202,,纯文本/算式,ALG_L4,,EQUAL_GROUP,D3_FORWARD_MULTI,I0_RAW,C2_INTRA_MODULE,Ch-A
KF-0299,课外培优,课外,数与代数,逻辑推理,游戏对策(取火柴问题),有余数除法的竖式计算、植树问题(L5),ID-1002 [策略博弈],ID-701 [步骤倒推],纯文本/算式,KP-0104|KP-0176,加入过程变化,,,,,,,,,,ID-102,,生活情境,ALG_L5,,LOGIC,D4_REVERSE_MULTI,I1_SHALLOW,C2_INTRA_MODULE,Ch-A
KF-0300,课外培优,课外,数与代数,逻辑推理,游戏对策(抢数问题),有余数除法的竖式计算(L5),ID-1002 [策略博弈],ID-701 [步骤倒推],纯文本/算式,KP-0104,加入过程变化,,,,,,,,,,ID-801,,纯文本/算式,ALG_L5,,LOGIC,D4_REVERSE_MULTI,I0_RAW,C1_SINGLE,Ch-A
KF-0301,课外培优,课外,数与代数,逻辑推理,游戏对策(对称策略),有余数除法的竖式计算、轴对称图形的直观特征(L5),ID-1002 [策略博弈],,图文结合,KP-0104|KP-0130,从结果反推,,,,,,,,,,ID-801,,图文结合,ALG_L5,,TRANSFORM,D4_REVERSE_MULTI,I1_SHALLOW,C2_INTRA_MODULE,Ch-V
KF-0302,课外培优,课外,图形与几何,面积进阶,等积变形(等高模型),已知三角形面积的计算、平行四边形面积的计算反求参数(逆向L4),ID-201 [形体转化],ID-501 [等量代换]; ID-202 [算理转化],图文结合,KP-0374|KP-0372,直接给出隐含条件; 加入无关数据,,,,,,,,,,ID-201,,图文结合,ALG_L4,,AREA,D4_REVERSE_MULTI,I1_SHALLOW,C2_INTRA_MODULE,Ch-V
KF-0303,课外培优,课外,图形与几何,面积进阶,等积变形(等底模型),已知三角形面积的计算、平行四边形面积的计算反求参数(逆向L4),ID-201 [形体转化],ID-501 [等量代换]; ID-202 [算理转化],图文结合,KP-0374|KP-0372,直接给出隐含条件; 加入无关数据,,,,,,,,,,ID-201,,图文结合,ALG_L4,,AREA,D4_REVERSE_MULTI,I1_SHALLOW,C2_INTRA_MODULE,Ch-V
KF-0304,课外培优,课外,图形与几何,面积进阶,鸟头模型(共角三角形面积比),已知三角形面积的计算、分数乘分数的计算反求参数(逆向L4),ID-201 [形体转化],ID-202 [算理转化],图文结合,KP-0374|KP-0403,直接给出隐含条件; 加入无关数据,,,,,,,,,,ID-201,,图文结合,ALG_L4,,AREA,D4_REVERSE_MULTI,I1_SHALLOW,C2_INTRA_MODULE,Ch-V
KF-0305,课外培优,课外,图形与几何,面积进阶,蝴蝶模型(对角三角形面积关系),已知三角形面积的计算、梯形面积的计算反求参数(逆向L4),ID-201 [形体转化],ID-202 [算理转化],图文结合,KP-0374|KP-0376,直接给出隐含条件; 加入无关数据,,,,,,,,,,ID-201,,图文结合,ALG_L4,,AREA,D4_REVERSE_MULTI,I1_SHALLOW,C2_INTRA_MODULE,Ch-V
KF-0306,课外培优,课外,图形与几何,面积进阶,燕尾模型(共顶点三角形面积比),已知三角形面积的计算、比的意义与读写反求参数(逆向L4),ID-201 [形体转化],ID-202 [算理转化],图文结合,KP-0374|KP-0413,直接给出隐含条件; 加入无关数据,,,,,,,,,,ID-201,,图文结合,ALG_L4,,AREA,D4_REVERSE_MULTI,I1_SHALLOW,C2_INTRA_MODULE,Ch-V
KF-0307,课外培优,课外,图形与几何,面积进阶,风筝模型(面积等分),已知三角形面积的计算、轴对称图形的直观特征反求参数(逆向L4),ID-201 [形体转化],ID-202 [算理转化],图文结合,KP-0374|KP-0130,直接给出隐含条件; 加入无关数据,,,,,,,,,,ID-201,,图文结合,ALG_L4,,AREA,D4_REVERSE_MULTI,I1_SHALLOW,C2_INTRA_MODULE,Ch-V
KF-0308,课外培优,课外,图形与几何,面积进阶,圆的滚动求轨迹面积,圆面积的计算、圆的周长计算等(正向计算L5),ID-201 [形体转化],ID-202 [算理转化],生活情境,KP-0443|KP-0441|KP-0439,静态描述; 加入无关动态过程,,,,,,,,,,ID-201,,图文结合,ALG_L5,,AREA,D4_REVERSE_MULTI,I1_SHALLOW,C3_CROSS_MODULE,Ch-V
KF-0309,课外培优,课外,图形与几何,面积进阶,绳子绕桩扫过的面积,圆面积的计算、扇形面积的计算等(正向计算L5),ID-201 [形体转化],ID-202 [算理转化],生活情境,KP-0443|KP-0448|KP-0439,静态描述; 加入无关动态过程,,,,,,,,,,ID-201,,图文结合,ALG_L5,,AREA,D4_REVERSE_MULTI,I1_SHALLOW,C3_CROSS_MODULE,Ch-V
KF-0310,课外培优,课外,图形与几何,几何计数,线段上数线段(重叠计数),线段的直观特征、植树问题等(L2),ID-901 [组合枚举],ID-403 [数阵规律],图文结合,KP-0121|KP-0176|KP-0399,从结果反推,,,,,,,,,,ID-102,,生活情境,ALG_L2,,LENGTH,D2_FORWARD_MULTI,I1_SHALLOW,C3_CROSS_MODULE,Ch-A
KF-0311,课外培优,课外,图形与几何,几何计数,点阵中数三角形,三角形的定义与特征、找规律(L2),ID-901 [组合枚举],ID-403 [数阵规律],图文结合,KP-0500|KP-0397,从结果反推,,,,,,,,,,ID-901,,纯文本/算式,ALG_L2,,AREA,D2_FORWARD_MULTI,I0_RAW,C2_INTRA_MODULE,Ch-A
KF-0312,课外培优,课外,图形与几何,几何计数,图形中数正方形,正方形的边角特征、找规律(L2),ID-901 [组合枚举],ID-403 [数阵规律],图文结合,KP-0188|KP-0397,从结果反推,,,,,,,,,,ID-901,,纯文本/算式,ALG_L2,,AREA,D2_FORWARD_MULTI,I0_RAW,C2_INTRA_MODULE,Ch-A
KF-0313,课外培优,课外,图形与几何,几何计数,图形中数长方形,长方形的边角特征、找规律(L2),ID-901 [组合枚举],ID-403 [数阵规律],图文结合,KP-0187|KP-0397,从结果反推,,,,,,,,,,ID-901,,纯文本/算式,ALG_L2,,AREA,D2_FORWARD_MULTI,I0_RAW,C2_INTRA_MODULE,Ch-A
KF-0314,课外培优,课外,图形与几何,图形分割,用最少长方形拼成正方形(求LCM),已知求最小公倍数、长方形的边角特征等反求参数(逆向L4),ID-602 [极值与估算],,图文结合,KP-0351|KP-0187|KP-0188,直接给出隐含条件; 加入无关数据,,,,,,,,,,ID-602,,图文结合,ALG_L4,,AREA,D4_REVERSE_MULTI,I1_SHALLOW,C3_CROSS_MODULE,Ch-V
KF-0315,KF-0315-V1,低年级,课内,数与代数,数的比较,比较大小(图形数量),是,1,图形数量的直观比较:点数后比较,KP-0001|KP-0006,,0.90|0.95,comparison_strategy:KF-0315-V1,人教版,1,上,1,准备课,1,数一数,ID-202,ID-602,图文结合,ALG_L1,加入无关图形干扰,AREA,D1_FORWARD_SINGLE,I4_REDUNDANT,C2_INTRA_MODULE,Ch-V
KF-0315,KF-0315-V2,低年级,课内,数与代数,数的比较,比较大小(两位数),是,2,3,两位数的位值比较:首位大则大,KP-0050|KP-0051,,0.85|0.90,comparison_strategy:KF-0315-V1,人教版,2,上,1,100以内的数的认识,3,100以内数的比大小,ID-202,ID-602,纯文本/算式,ALG_L2,位数不同|首位相同看次位,RATIO,D2_FORWARD_MULTI,I0_RAW,C2_INTRA_MODULE,Ch-A
KF-0315,KF-0315-V3,中年级,课内,数与代数,数的比较,比较大小(小数),是,4,5,小数的大小比较:对齐小数点位值比较,KP-0268|KP-0267,,0.90|0.85,comparison_strategy:KF-0315-V1,人教版,4,下,4,小数的意义和性质,3,小数的大小比较,ID-202,ID-602,纯文本/算式,ALG_L3,小数点对齐|末尾0的干扰,RATIO,D2_REVERSE_SINGLE,I4_REDUNDANT,C2_INTRA_MODULE,Ch-A
KF-0315,KF-0315-V4,高年级,课内,数与代数,数的比较,比较大小(分数小数混合),是,5,6,分数/小数/百分数混合比较:统一类型后比较,KP-0361|KP-0379|KP-0381,,0.85|0.80|0.75,comparison_strategy:KF-0315-V1,人教版,5,下,4,分数的意义和性质,4,分数的大小比较,ID-202,ID-602,纯文本/算式,ALG_L4,需通分或化小数|百分数混合,RATIO,D3_FORWARD_MULTI,I0_RAW,C3_CROSS_MODULE,Ch-A